feature,lgbm_gain,lgbm_rank,per_moon_abs_corr,corr_rank,combined_rank
Feature_718,32.60924190282822,0.9834782608695652,0.027583278479977307,0.9956521739130435,0.9895652173913043
Feature_396,30.4825159907341,0.9782608695652174,0.02368107980555242,0.9608695652173913,0.9695652173913043
Feature_514,37.42277216911316,0.9921739130434782,0.022372551000684287,0.9443478260869566,0.9682608695652174
Feature_492,33.04615807533264,0.9843478260869565,0.022079711540101115,0.9365217391304348,0.9604347826086956
Feature_278,27.209096014499664,0.9547826086956521,0.023683986107549522,0.9617391304347827,0.9582608695652174
Feature_282,41.6007127314806,0.9973913043478261,0.021274381156323227,0.9173913043478261,0.9573913043478262
Feature_105,26.562324047088623,0.9504347826086956,0.023335045923441666,0.9547826086956521,0.9526086956521739
Feature_246,29.994084149599075,0.9730434782608696,0.021108716520656542,0.9156521739130434,0.9443478260869564
Feature_660,24.984254240989685,0.9347826086956522,0.022903451897812833,0.9495652173913044,0.9421739130434783
Feature_280,29.04854702949524,0.9678260869565217,0.02110507490358075,0.9147826086956522,0.941304347826087
Feature_1087,24.41908574104309,0.9260869565217391,0.02249580014305708,0.9469565217391305,0.9365217391304348
Feature_106,29.698722779750824,0.971304347826087,0.02078515914908682,0.8982608695652174,0.9347826086956522
Feature_716,21.069063007831573,0.8591304347826086,0.027730520389499254,0.9965217391304347,0.9278260869565217
Feature_670,21.100002110004425,0.8617391304347826,0.026453387169535915,0.991304347826087,0.9265217391304348
Feature_108,24.22635728120804,0.922608695652174,0.021532120954734064,0.9252173913043479,0.923913043478261
Feature_283,21.844963908195496,0.8817391304347826,0.022923676371015816,0.9504347826086956,0.9160869565217391
Feature_1023,25.948759138584137,0.9443478260869566,0.020518212236560564,0.8852173913043478,0.9147826086956522
Feature_250,27.964389979839325,0.96,0.020101808114254476,0.8695652173913043,0.9147826086956521
Feature_1025,39.789844036102295,0.9939130434782608,0.019137343948287967,0.8243478260869566,0.9091304347826087
Feature_714,23.128751039505005,0.9078260869565218,0.02096096119903114,0.908695652173913,0.9082608695652175
Feature_508,19.618463933467865,0.8269565217391305,0.026233792632607913,0.9878260869565217,0.9073913043478261
Feature_101,24.93382290005684,0.9330434782608695,0.020298932948571814,0.8782608695652174,0.9056521739130434
Feature_1020,28.701919078826904,0.9652173913043478,0.019441376437651516,0.8434782608695652,0.9043478260869565
Feature_1113,22.540606915950775,0.8956521739130435,0.02103893582364349,0.9121739130434783,0.903913043478261
Feature_400,26.973984569311142,0.9539130434782609,0.019565774079359336,0.8521739130434782,0.9030434782608696
Feature_281,22.804789274930954,0.9034782608695652,0.02088208143812607,0.9017391304347826,0.9026086956521739
Feature_102,24.0883868932724,0.9217391304347826,0.020462441248741532,0.8834782608695653,0.9026086956521739
Feature_103,20.501822888851166,0.8460869565217392,0.02343743542389098,0.9565217391304348,0.9013043478260869
Feature_1004,23.667348742485046,0.9156521739130434,0.02037835944585307,0.8808695652173913,0.8982608695652174
Feature_482,41.43546289205551,0.9965217391304347,0.018742529726286216,0.7982608695652174,0.8973913043478261
Feature_390,20.64691197872162,0.8504347826086956,0.022210422058811158,0.9417391304347826,0.8960869565217391
Feature_634,20.249692916870117,0.8391304347826087,0.023042471486222234,0.9521739130434783,0.8956521739130435
Feature_75,22.69243186712265,0.9017391304347826,0.020555117083508104,0.8878260869565218,0.8947826086956522
Feature_1095,24.87785315513611,0.9321739130434783,0.019518442061903625,0.8486956521739131,0.8904347826086957
Feature_837,29.39291062951088,0.9695652173913043,0.018823588737567603,0.802608695652174,0.8860869565217391
Feature_59,35.875228106975555,0.9895652173913043,0.01851919501893463,0.7817391304347826,0.8856521739130434
Feature_247,32.01039916276932,0.9817391304347826,0.018613511078654454,0.7878260869565218,0.8847826086956522
Feature_1005,21.62094008922577,0.8765217391304347,0.020675462427642226,0.8930434782608696,0.8847826086956522
Feature_797,24.278270930051804,0.9234782608695652,0.019450041300099127,0.8452173913043478,0.8843478260869565
Feature_1121,29.13967275619507,0.9686956521739131,0.018745726811766956,0.7991304347826087,0.8839130434782609
Feature_4,18.186241775751114,0.7817391304347826,0.025988255867726854,0.9843478260869565,0.8830434782608696
Feature_1096,23.258752942085266,0.9104347826086957,0.01964467928160903,0.8547826086956521,0.8826086956521739
Feature_1068,24.383030980825424,0.9243478260869565,0.019325709000764038,0.8391304347826087,0.8817391304347826
Feature_341,22.692161977291107,0.9008695652173913,0.019783745559043713,0.8582608695652174,0.8795652173913043
Feature_83,18.73159098625183,0.7991304347826087,0.023521131180381072,0.957391304347826,0.8782608695652174
Feature_493,23.689634382724762,0.9165217391304348,0.01926297276733121,0.8356521739130435,0.8760869565217391
Feature_521,18.28341794013977,0.7878260869565218,0.023734103650283226,0.9626086956521739,0.8752173913043478
Feature_785,20.727332949638367,0.8539130434782609,0.020680405339146078,0.8939130434782608,0.8739130434782609
Feature_717,17.35889893770218,0.7495652173913043,0.028049851199744475,0.9973913043478261,0.8734782608695653
Feature_640,24.412816405296326,0.9252173913043479,0.01909322084849582,0.8208695652173913,0.8730434782608696
Feature_402,20.462750911712646,0.8443478260869566,0.020717874995637143,0.8973913043478261,0.8708695652173913
Feature_1133,23.959253072738647,0.92,0.019105989005102186,0.8217391304347826,0.8708695652173913
Feature_395,22.032105028629303,0.8869565217391304,0.019541713394101975,0.8504347826086956,0.8686956521739131
Feature_486,19.673826038837433,0.828695652173913,0.020913949900789677,0.9060869565217391,0.8673913043478261
Feature_510,44.512761145830154,1.0,0.01802386924228186,0.7330434782608696,0.8665217391304347
Feature_1073,28.374807953834534,0.9634782608695652,0.01843329461449113,0.7695652173913043,0.8665217391304347
Feature_398,22.611515998840332,0.8982608695652174,0.019235425591149876,0.831304347826087,0.8647826086956523
Feature_1030,21.279022097587585,0.8678260869565217,0.019807956234919582,0.8591304347826086,0.8634782608695653
Feature_683,21.923811107873917,0.8826086956521739,0.019414898008697935,0.8417391304347827,0.8621739130434782
Feature_806,24.81204903125763,0.931304347826087,0.018632504694915827,0.788695652173913,0.86
Feature_664,18.143332839012146,0.7791304347826087,0.02220133551776897,0.9408695652173913,0.86
Feature_632,17.147292971611023,0.7434782608695653,0.024898121768682002,0.9747826086956521,0.8591304347826088
Feature_518,18.75693780183792,0.8008695652173913,0.02105067541283532,0.9130434782608695,0.8569565217391304
Feature_772,20.577967047691345,0.8486956521739131,0.01990416413379866,0.8617391304347826,0.8552173913043478
Feature_451,26.33195996284485,0.948695652173913,0.018305497584598495,0.7591304347826087,0.8539130434782609
Feature_107,18.562969028949738,0.7930434782608695,0.02103172361556231,0.9113043478260869,0.8521739130434782
Feature_394,25.500571966171265,0.9417391304347826,0.018324567079655008,0.7626086956521739,0.8521739130434782
Feature_981,20.75568825006485,0.8565217391304348,0.019451774158500964,0.8460869565217392,0.851304347826087
Feature_515,16.634757936000824,0.7226086956521739,0.025461279213033455,0.9791304347826087,0.8508695652173913
Feature_1103,21.786414980888367,0.88,0.018987807218000162,0.8147826086956522,0.8473913043478261
Feature_1021,20.487989008426666,0.8452173913043478,0.019532912896900886,0.8495652173913043,0.8473913043478261
Feature_483,23.88387820124626,0.9191304347826087,0.018452276852876422,0.7730434782608696,0.8460869565217392
Feature_58,21.23473310470581,0.8660869565217392,0.01915799112078996,0.8252173913043478,0.8456521739130435
Feature_829,21.383020102977753,0.8695652173913043,0.01908675198908684,0.82,0.8447826086956521
Feature_248,19.92924216389656,0.8321739130434782,0.01977714961933789,0.8573913043478261,0.8447826086956521
Feature_662,17.76683509349823,0.7643478260869565,0.02148310287099041,0.9234782608695652,0.8439130434782609
Feature_690,15.782145857810974,0.6860869565217391,0.0282067482831693,0.9982608695652174,0.8421739130434782
Feature_674,15.841485917568207,0.6895652173913044,0.026712671011054866,0.9930434782608696,0.841304347826087
Feature_403,16.909536123275757,0.7356521739130435,0.022446107262100792,0.9460869565217391,0.8408695652173913
Feature_1092,24.93710219860077,0.9339130434782609,0.018126725200341205,0.7434782608695653,0.8386956521739131
Feature_792,31.642065942287445,0.9808695652173913,0.017516946347706886,0.6947826086956522,0.8378260869565217
Feature_399,27.391511976718903,0.9556521739130435,0.017879637424252814,0.7191304347826087,0.837391304347826
Feature_1027,18.99040597677231,0.808695652173913,0.020019165515863455,0.8652173913043478,0.8369565217391304
Feature_812,34.87349936366081,0.9869565217391304,0.017393436084902163,0.6852173913043478,0.836086956521739
Feature_98,25.703982889652252,0.9434782608695652,0.017923240007215294,0.7269565217391304,0.8352173913043478
Feature_249,18.989509284496307,0.8078260869565217,0.019668225360648342,0.8556521739130435,0.8317391304347825
Feature_414,28.661343812942505,0.9643478260869566,0.01752968463239459,0.6965217391304348,0.8304347826086957
Feature_809,24.805476248264313,0.9304347826086956,0.017956513059605054,0.7304347826086957,0.8304347826086956
Feature_1008,33.55945897102356,0.9860869565217392,0.017300837264995702,0.6730434782608695,0.8295652173913044
Feature_832,22.055171191692352,0.8878260869565218,0.018442607721931178,0.7713043478260869,0.8295652173913044
Feature_704,17.782302141189575,0.7652173913043478,0.020588823687768706,0.8913043478260869,0.8282608695652174
Feature_1098,18.435115933418274,0.7895652173913044,0.01987225950938606,0.86,0.8247826086956522
Feature_1094,24.496502995491028,0.9269565217391305,0.017893389821170027,0.7208695652173913,0.8239130434782609
Feature_516,16.657106816768646,0.7234782608695652,0.02149805008513276,0.9243478260869565,0.8239130434782609
Feature_691,17.887575924396515,0.7721739130434783,0.020225629593881616,0.8739130434782608,0.8230434782608695
Feature_1090,17.405413955450058,0.7539130434782608,0.02057735985142029,0.8904347826086957,0.8221739130434782
Feature_104,17.434350073337555,0.7556521739130435,0.020553551647134093,0.8869565217391304,0.821304347826087
Feature_1091,26.253668069839478,0.9469565217391305,0.017491455410425353,0.6939130434782609,0.8204347826086957
Feature_600,16.390366971492767,0.7095652173913043,0.021800443518448027,0.931304347826087,0.8204347826086956
Feature_1126,21.596740901470184,0.8756521739130435,0.01836272370014327,0.7643478260869565,0.8200000000000001
Feature_616,17.631732940673828,0.7626086956521739,0.020257547416965414,0.8765217391304347,0.8195652173913044
Feature_702,15.419547855854034,0.668695652173913,0.024003891565025026,0.9686956521739131,0.818695652173913
Feature_54,17.854501962661743,0.7704347826086957,0.02002578027824423,0.8660869565217392,0.8182608695652174
Feature_392,17.024902820587158,0.7391304347826086,0.020704715186950082,0.8956521739130435,0.817391304347826
Feature_692,17.099932193756104,0.7426086956521739,0.02065398060661143,0.8921739130434783,0.817391304347826
Feature_73,21.92553800344467,0.8834782608695653,0.018162708642930483,0.7486956521739131,0.8160869565217392
Feature_323,19.03126698732376,0.8121739130434783,0.019076728400319938,0.8182608695652174,0.8152173913043479
Feature_208,25.976534098386765,0.9452173913043478,0.017304901265782408,0.6756521739130434,0.8104347826086956
Feature_1127,19.228090167045593,0.8173913043478261,0.018727775786953754,0.7965217391304348,0.8069565217391305
Feature_934,30.05201494693756,0.9747826086956521,0.016949238730371113,0.6382608695652174,0.8065217391304348
Feature_1009,30.011982053518295,0.9739130434782609,0.01693290113115415,0.6373913043478261,0.8056521739130436
Feature_495,16.787552028894424,0.7321739130434782,0.020305130691779878,0.8791304347826087,0.8056521739130434
Feature_921,21.229927122592926,0.8652173913043478,0.018087647614754725,0.7408695652173913,0.8030434782608695
Feature_603,19.60396820306778,0.8260869565217391,0.018492535339026596,0.7782608695652173,0.8021739130434782
Feature_1049,25.298671066761017,0.9382608695652174,0.017220123266863063,0.6652173913043479,0.8017391304347826
Feature_659,14.930582165718079,0.6452173913043479,0.023312565205812288,0.9539130434782609,0.7995652173913044
Feature_1097,16.672604024410248,0.7269565217391304,0.020107948713879,0.8704347826086957,0.798695652173913
Feature_76,35.26417104899883,0.9878260869565217,0.01661416533582626,0.6095652173913043,0.798695652173913
Feature_627,16.70089489221573,0.7286956521739131,0.02006339818868611,0.8678260869565217,0.7982608695652174
Feature_638,16.40206116437912,0.711304347826087,0.020490160527419567,0.8843478260869565,0.7978260869565217
Feature_489,19.34954985976219,0.8182608695652174,0.01846585438432453,0.7765217391304348,0.797391304347826
Feature_699,14.609427154064178,0.628695652173913,0.02391775374761976,0.9660869565217391,0.797391304347826
Feature_838,22.663919001817703,0.8991304347826087,0.017460045151289644,0.6904347826086956,0.7947826086956522
Feature_498,17.529326766729355,0.7582608695652174,0.01921913516822183,0.8304347826086956,0.7943478260869565
Feature_619,18.13208097219467,0.7773913043478261,0.018913088337702076,0.8095652173913044,0.7934782608695652
Feature_678,15.381201148033142,0.6652173913043479,0.021285596395354562,0.9182608695652174,0.7917391304347826
Feature_339,20.092518031597137,0.8356521739130435,0.018128354210235485,0.7443478260869565,0.79
Feature_796,26.43946799635887,0.9495652173913044,0.01676509594544939,0.6260869565217392,0.7878260869565218
Feature_1019,23.982996106147766,0.9208695652173913,0.01704550569352481,0.6530434782608696,0.7869565217391304
Feature_342,22.55962061882019,0.8965217391304348,0.017316934402152033,0.6773913043478261,0.7869565217391304
Feature_764,16.0726500749588,0.7,0.020217544620789667,0.8730434782608696,0.7865217391304348
Feature_835,15.614606976509094,0.6773913043478261,0.02068866774904318,0.8947826086956522,0.7860869565217392
Feature_1035,27.851306945085526,0.9591304347826087,0.016633130563848193,0.6121739130434782,0.7856521739130435
Feature_279,13.877467811107635,0.5939130434782609,0.02528099011908027,0.9773913043478261,0.7856521739130435
Feature_397,16.92244490981102,0.7373913043478261,0.019238448607252157,0.8330434782608696,0.7852173913043479
Feature_1075,22.753427147865295,0.9026086956521739,0.017184452176317526,0.662608695652174,0.782608695652174
Feature_11,14.734356939792633,0.6330434782608696,0.02170704746767178,0.928695652173913,0.7808695652173914
Feature_537,30.336929619312286,0.9765217391304348,0.0164239806006112,0.5852173913043478,0.7808695652173914
Feature_700,13.31213504076004,0.5643478260869565,0.026768095982503414,0.9939130434782608,0.7791304347826087
Feature_160,17.509606063365936,0.7565217391304347,0.018717655894264783,0.7947826086956522,0.7756521739130435
Feature_62,16.798841953277588,0.7330434782608696,0.018999474700727822,0.8165217391304348,0.7747826086956522
Feature_1089,17.057197153568268,0.74,0.018911187052433557,0.808695652173913,0.7743478260869565
Feature_805,29.917872071266174,0.9721739130434782,0.01630143650420678,0.5756521739130435,0.7739130434782608
Feature_1150,26.267056941986084,0.9478260869565217,0.016549457580981707,0.5991304347826087,0.7734782608695652
Feature_774,14.859327018260956,0.6426086956521739,0.020836384039897966,0.8991304347826087,0.7708695652173914
Feature_335,27.422423720359802,0.9565217391304348,0.01641583011715058,0.5834782608695652,0.77
Feature_361,21.31525495648384,0.8686956521739131,0.017265595354730216,0.6704347826086956,0.7695652173913043
Feature_712,22.9665607213974,0.9052173913043479,0.016815946874754604,0.6339130434782608,0.7695652173913043
Feature_682,15.166827976703644,0.6547826086956522,0.02033776187157125,0.88,0.7673913043478261
Feature_1093,19.939775198698044,0.8330434782608696,0.017474335170033398,0.6930434782608695,0.7630434782608695
Feature_1119,17.41683992743492,0.7547826086956522,0.01843611080953959,0.7704347826086957,0.7626086956521739
Feature_639,18.257764846086502,0.7869565217391304,0.01806070506781042,0.7365217391304347,0.7617391304347826
Feature_672,12.633477985858917,0.528695652173913,0.027308567668397673,0.9947826086956522,0.7617391304347826
Feature_1142,18.902568817138672,0.8052173913043478,0.017879583415162242,0.7182608695652174,0.7617391304347826
Feature_862,35.33303213119507,0.9886956521739131,0.0159457997286816,0.5321739130434783,0.7604347826086957
Feature_1051,20.59057679772377,0.8495652173913043,0.01726597045412657,0.671304347826087,0.7604347826086957
Feature_393,21.67801332473755,0.8782608695652174,0.016968861636512317,0.6417391304347826,0.76
Feature_555,20.098186641931534,0.8365217391304348,0.017323081764435557,0.6791304347826087,0.7578260869565218
Feature_84,19.819970786571503,0.831304347826087,0.017349356456518097,0.6817391304347826,0.7565217391304349
Feature_831,18.566402971744537,0.7947826086956522,0.017830640174299642,0.7165217391304348,0.7556521739130435
Feature_132,18.752850085496902,0.8,0.01773219752944801,0.711304347826087,0.7556521739130435
Feature_642,15.756671965122223,0.6843478260869565,0.01920200724826594,0.8269565217391305,0.7556521739130435
Feature_533,17.388957917690277,0.7504347826086957,0.018300582144370182,0.7582608695652174,0.7543478260869565
Feature_345,15.423330962657928,0.6695652173913044,0.01929740051994107,0.8382608695652174,0.7539130434782608
Feature_387,18.583459869027138,0.7965217391304348,0.017713722355276344,0.7095652173913043,0.7530434782608695
Feature_655,15.86905786395073,0.6921739130434783,0.01895032239355197,0.8130434782608695,0.7526086956521739
Feature_671,14.209814816713333,0.6104347826086957,0.020568697987718744,0.8895652173913043,0.75
Feature_1115,16.068018704652786,0.6991304347826087,0.018807879474098867,0.8008695652173913,0.75
Feature_610,13.566282033920288,0.5782608695652174,0.02131134312351725,0.9208695652173913,0.7495652173913043
Feature_815,20.729974940419197,0.8547826086956521,0.016985336345155127,0.6443478260869565,0.7495652173913043
Feature_713,16.412217140197754,0.7121739130434782,0.018582815170388768,0.7860869565217391,0.7491304347826087
Feature_891,19.547021836042404,0.8243478260869566,0.017282051458275976,0.6721739130434783,0.7482608695652174
Feature_82,17.092722952365875,0.7417391304347826,0.01825059186626424,0.7547826086956522,0.7482608695652173
Feature_703,13.723451972007751,0.5834782608695652,0.020965876672318917,0.9095652173913044,0.7465217391304348
Feature_602,14.323919951915741,0.6156521739130435,0.020291472148181562,0.8773913043478261,0.7465217391304348
Feature_1124,15.183860003948212,0.6556521739130434,0.019269267490326772,0.8365217391304348,0.7460869565217392
Feature_1088,14.63412594795227,0.6313043478260869,0.019889682133168524,0.8608695652173913,0.7460869565217392
Feature_880,18.24066722393036,0.7852173913043479,0.017648000934863392,0.7060869565217391,0.7456521739130435
Feature_401,20.329246819019318,0.8417391304347827,0.01702945560920385,0.6478260869565218,0.7447826086956522
Feature_417,21.54031303524971,0.8721739130434782,0.016676996725483076,0.6173913043478261,0.7447826086956522
Feature_701,12.681442856788635,0.5330434782608696,0.023343218372351843,0.9556521739130435,0.7443478260869565
Feature_53,15.954653084278107,0.6956521739130435,0.018670921092851765,0.7930434782608695,0.7443478260869565
Feature_331,13.646102964878082,0.5826086956521739,0.020895917677080267,0.9026086956521739,0.7426086956521739
Feature_647,17.401295125484467,0.7521739130434782,0.01795604668058935,0.7295652173913043,0.7408695652173913
Feature_1003,21.083328545093536,0.86,0.0167297106363931,0.6217391304347826,0.7408695652173913
Feature_994,16.754216074943542,0.7304347826086957,0.018195815675631628,0.7504347826086957,0.7404347826086957
Feature_85,19.96065205335617,0.8339130434782609,0.01699587903747422,0.6452173913043479,0.7395652173913043
Feature_61,16.967086017131805,0.7382608695652174,0.018069248526470093,0.7382608695652174,0.7382608695652174
Feature_661,12.350758135318756,0.5113043478260869,0.023547793316557698,0.9591304347826087,0.7352173913043478
Feature_751,42.98016309738159,0.9991304347826087,0.015556150384085109,0.4678260869565217,0.7334782608695651
Feature_326,17.24797010421753,0.7478260869565218,0.017869815681355806,0.717391304347826,0.7326086956521739
Feature_803,33.2763329744339,0.9852173913043478,0.015620445771778978,0.4782608695652174,0.7317391304347827
Feature_251,27.6995809674263,0.9582608695652174,0.01575768217297284,0.5043478260869565,0.731304347826087
Feature_5,11.713591933250427,0.48,0.025573168423122076,0.98,0.73
Feature_164,17.247524946928024,0.7469565217391304,0.017767751467695173,0.7121739130434782,0.7295652173913043
Feature_833,15.070867776870728,0.6521739130434783,0.01883240180660816,0.8043478260869565,0.7282608695652174
Feature_1140,17.835497051477432,0.7678260869565218,0.017419100589278497,0.688695652173913,0.7282608695652174
Feature_931,25.520844995975494,0.9426086956521739,0.015812196520670438,0.5104347826086957,0.7265217391304348
Feature_705,12.539619982242584,0.5243478260869565,0.02153649439990328,0.9260869565217391,0.7252173913043478
Feature_63,15.739575862884521,0.6834782608695652,0.018426410585198835,0.7669565217391304,0.7252173913043478
Feature_618,11.55735981464386,0.47391304347826085,0.024446116379202174,0.9730434782608696,0.7234782608695652
Feature_1111,14.359680116176605,0.6173913043478261,0.019218227228507245,0.8295652173913044,0.7234782608695652
Feature_252,14.92202404141426,0.6443478260869565,0.018737420763744933,0.7973913043478261,0.7208695652173913
Feature_695,11.529238939285278,0.46956521739130436,0.024013080921049586,0.9695652173913043,0.7195652173913043
Feature_949,18.99767416715622,0.8104347826086956,0.01676510967644099,0.6269565217391304,0.718695652173913
Feature_48,11.372984826564789,0.46260869565217394,0.02483072275144456,0.9739130434782609,0.7182608695652174
Feature_669,11.513386011123657,0.46869565217391307,0.02399736312771207,0.9678260869565217,0.7182608695652174
Feature_1026,17.528811037540436,0.7573913043478261,0.017304486892536143,0.6747826086956522,0.7160869565217391
Feature_650,17.28797596693039,0.7486956521739131,0.017334274122501155,0.68,0.7143478260869566
Feature_997,19.46998703479767,0.8217391304347826,0.01660273089760044,0.6069565217391304,0.7143478260869565
Feature_977,18.25204998254776,0.7860869565217391,0.01696926381705887,0.6426086956521739,0.7143478260869565
Feature_882,15.419003009796143,0.6678260869565218,0.01828839139340409,0.7573913043478261,0.712608695652174
Feature_295,18.20143300294876,0.782608695652174,0.016960139729803116,0.64,0.711304347826087
Feature_391,15.567839205265045,0.6756521739130434,0.018138230886300444,0.7452173913043478,0.7104347826086956
Feature_850,16.353506982326508,0.7069565217391305,0.017787128322622983,0.7139130434782609,0.7104347826086956
Feature_95,16.76570773124695,0.731304347826087,0.01741031919846977,0.6878260869565217,0.7095652173913043
Feature_56,14.769101709127426,0.6347826086956522,0.01852019657130013,0.782608695652174,0.7086956521739131
Feature_709,13.491798102855682,0.571304347826087,0.019442699339354164,0.8443478260869566,0.7078260869565218
Feature_439,13.09231299161911,0.551304347826087,0.019923366173566208,0.8626086956521739,0.7069565217391305
Feature_715,10.608183890581131,0.4147826086956522,0.028207658368375934,0.9991304347826087,0.7069565217391305
Feature_791,15.191706836223602,0.6565217391304348,0.01822332114768266,0.7530434782608696,0.7047826086956521
Feature_65,22.36764305830002,0.8930434782608696,0.015841802506671398,0.5156521739130435,0.7043478260869566
Feature_520,11.375538110733032,0.46347826086956523,0.022422383490426266,0.9452173913043478,0.7043478260869565
Feature_1006,15.078080832958221,0.6530434782608696,0.018235083762465836,0.7539130434782608,0.7034782608695652
Feature_637,12.92739999294281,0.542608695652174,0.019953318292755807,0.8634782608695653,0.7030434782608697
Feature_643,11.714108943939209,0.4808695652173913,0.02135695836126838,0.9217391304347826,0.701304347826087
Feature_93,20.403086304664612,0.8426086956521739,0.016197603799004683,0.56,0.701304347826087
Feature_817,26.04822015762329,0.9460869565217391,0.015478342151527071,0.45565217391304347,0.7008695652173913
Feature_696,10.707221001386642,0.42086956521739133,0.025015553090026687,0.9765217391304348,0.698695652173913
Feature_667,10.675665855407715,0.4191304347826087,0.025349425564237558,0.9782608695652174,0.698695652173913
Feature_955,23.312866061925888,0.9130434782608695,0.015686107716013142,0.48434782608695653,0.698695652173913
Feature_79,17.920456171035767,0.7730434782608696,0.016749646007432163,0.6234782608695653,0.6982608695652175
Feature_687,10.807707965373993,0.42869565217391303,0.02374977895613087,0.9634782608695652,0.6960869565217391
Feature_876,19.966820120811462,0.8347826086956521,0.016118339170036022,0.5565217391304348,0.6956521739130435
Feature_995,13.32102906703949,0.5652173913043478,0.019123521708052794,0.8226086956521739,0.6939130434782608
Feature_64,13.072145938873291,0.5495652173913044,0.019295650323951995,0.837391304347826,0.6934782608695652
Feature_614,11.826676785945892,0.4860869565217391,0.020871208866614352,0.9008695652173913,0.6934782608695652
Feature_1139,14.823527067899704,0.6391304347826087,0.018145955874962674,0.7460869565217392,0.692608695652174
Feature_1029,16.727081954479218,0.7295652173913043,0.01709199902683386,0.6556521739130434,0.6926086956521739
Feature_256,13.80294406414032,0.5886956521739131,0.018692061171537194,0.7939130434782609,0.691304347826087
Feature_710,13.517014920711517,0.5739130434782609,0.01883986418523376,0.8052173913043478,0.6895652173913043
Feature_99,19.6258761882782,0.8278260869565217,0.016078922879113035,0.5495652173913044,0.688695652173913
Feature_503,17.40357393026352,0.7530434782608696,0.016686218001689884,0.6191304347826087,0.6860869565217391
Feature_781,10.18641996383667,0.38956521739130434,0.025594004964364342,0.9817391304347826,0.6856521739130435
Feature_976,18.58195585012436,0.7956521739130434,0.01629298557139853,0.5747826086956521,0.6852173913043478
Feature_81,14.934000074863434,0.6460869565217391,0.017904898091185867,0.7234782608695652,0.6847826086956521
Feature_80,21.021861910820007,0.8573913043478261,0.015817922020129167,0.5113043478260869,0.6843478260869564
Feature_412,16.603415206074715,0.7217391304347827,0.017005571706759398,0.6460869565217391,0.6839130434782609
Feature_658,14.184191972017288,0.6095652173913043,0.018285314468178025,0.7565217391304347,0.6830434782608695
Feature_1048,14.847284018993378,0.6417391304347826,0.0179159006612768,0.7243478260869565,0.6830434782608695
Feature_1100,16.47727519273758,0.7165217391304348,0.016975099687995574,0.6434782608695652,0.6799999999999999
Feature_836,14.174130916595459,0.6086956521739131,0.018178409523249225,0.7495652173913043,0.6791304347826087
Feature_88,13.453901946544647,0.5695652173913044,0.018602239868524915,0.7869565217391304,0.6782608695652175
Feature_1114,13.1035658121109,0.5530434782608695,0.018829866038150612,0.8034782608695652,0.6782608695652174
Feature_519,23.310072898864746,0.9121739130434783,0.01538856551905805,0.4434782608695652,0.6778260869565218
Feature_1017,18.234754264354706,0.7843478260869565,0.016262883582125347,0.571304347826087,0.6778260869565218
Feature_126,23.147341132164,0.908695652173913,0.015405660568172073,0.44521739130434784,0.6769565217391305
Feature_706,12.10720619559288,0.4973913043478261,0.019632931847760986,0.8530434782608696,0.6752173913043478
Feature_1069,14.992896795272827,0.648695652173913,0.017563535720685926,0.7008695652173913,0.6747826086956521
Feature_573,21.151785120368004,0.8643478260869565,0.015696226084629894,0.4852173913043478,0.6747826086956521
Feature_264,18.80163013935089,0.8017391304347826,0.016052679795564496,0.5469565217391305,0.6743478260869565
Feature_535,19.01616096496582,0.811304347826087,0.01596430573971327,0.5356521739130434,0.6734782608695652
Feature_684,12.911581754684448,0.5408695652173913,0.018850898899795493,0.8060869565217391,0.6734782608695652
Feature_1024,13.888481974601746,0.5947826086956521,0.018201116729727358,0.7513043478260869,0.6730434782608695
Feature_329,14.522177875041962,0.6252173913043478,0.017881411459529095,0.72,0.672608695652174
Feature_783,10.004368871450424,0.3739130434782609,0.02411876694701855,0.9704347826086956,0.6721739130434783
Feature_1105,14.40806594491005,0.6208695652173913,0.017899630230847324,0.7217391304347827,0.671304347826087
Feature_8,15.920066058635712,0.6930434782608695,0.01703123350030817,0.648695652173913,0.6708695652173913
Feature_677,10.305346965789795,0.3973913043478261,0.022237337347362773,0.9426086956521739,0.6699999999999999
Feature_996,12.960790991783142,0.5434782608695652,0.01872365077792008,0.7956521739130434,0.6695652173913043
Feature_71,13.07062292098999,0.548695652173913,0.01864262036371242,0.7895652173913044,0.6691304347826087
Feature_376,10.340633988380432,0.3991304347826087,0.022119718990529263,0.9373913043478261,0.6682608695652175
Feature_980,17.8503035902977,0.7695652173913043,0.016226907929180915,0.5669565217391305,0.6682608695652175
Feature_509,11.355504155158997,0.4608695652173913,0.02025332676325837,0.8756521739130435,0.6682608695652175
Feature_693,10.798981010913849,0.42695652173913046,0.02095163403540554,0.9078260869565218,0.6673913043478261
Feature_324,14.404554843902588,0.62,0.01777507811707532,0.7130434782608696,0.6665217391304348
Feature_72,13.093003988265991,0.5521739130434783,0.018504208280555212,0.78,0.6660869565217391
Feature_956,14.495025098323822,0.6234782608695653,0.01770211123912993,0.7078260869565217,0.6656521739130434
Feature_50,16.689478933811188,0.7278260869565217,0.016577213828919645,0.6034782608695652,0.6656521739130434
Feature_698,9.47824302315712,0.34956521739130436,0.025588317363646345,0.9808695652173913,0.6652173913043479
Feature_776,12.548201978206635,0.5252173913043479,0.0188133622572685,0.8017391304347826,0.6634782608695653
Feature_1110,24.656738102436066,0.928695652173913,0.014944609506194334,0.3982608695652174,0.6634782608695652
Feature_644,10.160254955291748,0.3869565217391304,0.022147308447380342,0.9382608695652174,0.662608695652174
Feature_488,18.035977840423584,0.7765217391304348,0.016050738555819483,0.5460869565217391,0.6613043478260869
Feature_374,19.141734033823013,0.8147826086956522,0.015798423711124335,0.5078260869565218,0.6613043478260869
Feature_312,10.142871081829071,0.38521739130434784,0.021896920313255644,0.9339130434782609,0.6595652173913044
Feature_951,15.789320901036263,0.6878260869565217,0.016765647950155144,0.6278260869565218,0.6578260869565218
Feature_372,20.27426189184189,0.8408695652173913,0.015606252641315838,0.4747826086956522,0.6578260869565218
Feature_1072,18.639035940170288,0.7982608695652174,0.015858294885899196,0.5173913043478261,0.6578260869565218
Feature_158,16.595915973186493,0.7208695652173913,0.016501407117130832,0.5939130434782609,0.6573913043478261
Feature_77,17.066934913396835,0.7408695652173913,0.016270368094080324,0.5730434782608695,0.6569565217391304
Feature_775,10.812077045440674,0.43130434782608695,0.02042454098918664,0.8817391304347826,0.6565217391304348
Feature_370,16.590523064136505,0.72,0.016484604663097483,0.5930434782608696,0.6565217391304348
Feature_384,17.83177188038826,0.7669565217391304,0.016049736440257412,0.5452173913043479,0.6560869565217391
Feature_1,8.977314859628677,0.3217391304347826,0.026416455948319754,0.9904347826086957,0.6560869565217391
Feature_38,11.195270895957947,0.45217391304347826,0.019635354831484715,0.8539130434782609,0.6530434782608696
Feature_297,12.501314103603363,0.5217391304347826,0.01853633779198584,0.7843478260869565,0.6530434782608696
Feature_444,20.677857011556625,0.8521739130434782,0.015434196641826416,0.45217391304347826,0.6521739130434783
Feature_378,10.047217965126038,0.3765217391304348,0.02161554876982244,0.9269565217391305,0.6517391304347826
Feature_765,11.787320792675018,0.4852173913043478,0.01900800182884116,0.8173913043478261,0.6513043478260869
Feature_352,20.536016941070557,0.8478260869565217,0.015416376166138604,0.44869565217391305,0.6482608695652174
Feature_268,23.238079726696014,0.9095652173913044,0.014836644681674406,0.3869565217391304,0.6482608695652174
Feature_646,9.584186971187592,0.35130434782608694,0.022347656858317803,0.9434782608695652,0.6473913043478261
Feature_456,11.186437845230103,0.45130434782608697,0.019438252634261594,0.8426086956521739,0.6469565217391304
Feature_373,19.15728396177292,0.8156521739130435,0.01561288238525462,0.47739130434782606,0.6465217391304348
Feature_912,16.17244589328766,0.7034782608695652,0.016448797859918936,0.5886956521739131,0.6460869565217391
Feature_371,15.408055067062378,0.6669565217391304,0.016757446359507135,0.6252173913043478,0.6460869565217391
Feature_66,14.802008047699928,0.6365217391304347,0.017068312317309625,0.6547826086956522,0.6456521739130434
Feature_1149,19.198522090911865,0.8165217391304348,0.015595109067053168,0.4721739130434783,0.6443478260869565
Feature_834,13.27061003446579,0.56,0.017950233845997518,0.7278260869565217,0.643913043478261
Feature_1123,17.1474671959877,0.7443478260869565,0.01600077161591458,0.5417391304347826,0.6430434782608696
Feature_15,16.46340510249138,0.7156521739130435,0.016238166990289318,0.5704347826086956,0.6430434782608696
Feature_294,11.461377918720245,0.46608695652173915,0.019084481441714186,0.8191304347826087,0.6426086956521739
Feature_453,23.715218901634216,0.9173913043478261,0.014666109937662437,0.36782608695652175,0.6426086956521739
Feature_807,12.358906030654907,0.5121739130434783,0.018447843377660485,0.7721739130434783,0.6421739130434783
Feature_830,13.40758502483368,0.5669565217391305,0.017807467816908194,0.7156521739130435,0.6413043478260869
Feature_566,10.05107295513153,0.3773913043478261,0.02090833262442834,0.9034782608695652,0.6404347826086956
Feature_1046,17.946956634521484,0.7739130434782608,0.015748839621718937,0.5026086956521739,0.6382608695652174
Feature_1028,16.399474799633026,0.7104347826086956,0.016218016393899495,0.5652173913043478,0.6378260869565218
Feature_128,13.735415011644363,0.5852173913043478,0.01742837883019672,0.6895652173913044,0.6373913043478261
Feature_502,15.925140976905823,0.6939130434782609,0.016333517100817298,0.5791304347826087,0.6365217391304347
Feature_631,9.007229089736938,0.3234782608695652,0.02256182154320375,0.9478260869565217,0.6356521739130434
Feature_914,16.417111992836,0.7130434782608696,0.016126332458403336,0.5573913043478261,0.6352173913043478
Feature_1057,19.42958316206932,0.8208695652173913,0.015409468681773253,0.44608695652173913,0.6334782608695653
Feature_474,30.11912202835083,0.9756521739130435,0.013808916230445287,0.29043478260869565,0.6330434782608696
Feature_1071,11.593470871448517,0.4747826086956522,0.018653359930465664,0.7913043478260869,0.6330434782608696
Feature_878,16.452948957681656,0.7147826086956521,0.01609382429690066,0.5504347826086956,0.6326086956521739
Feature_45,8.20291006565094,0.2773913043478261,0.026203743961528,0.9869565217391304,0.6321739130434783
Feature_611,8.710097968578339,0.31217391304347825,0.022948467716979,0.951304347826087,0.6317391304347826
Feature_29,15.451692014932632,0.6730434782608695,0.016456009303139212,0.5895652173913043,0.6313043478260869
Feature_1018,16.24756008386612,0.7043478260869566,0.016109378288283707,0.5547826086956522,0.6295652173913044
Feature_928,17.866578221321106,0.7713043478260869,0.01572012331904245,0.48782608695652174,0.6295652173913043
Feature_429,12.113175094127655,0.49826086956521737,0.018318201203227975,0.7608695652173914,0.6295652173913043
Feature_885,16.448577046394348,0.7139130434782609,0.01604093806055948,0.5443478260869565,0.6291304347826088
Feature_1066,41.405463099479675,0.9956521739130435,0.013136040468264446,0.2582608695652174,0.6269565217391304
Feature_1067,36.00980794429779,0.9904347826086957,0.013289476168694716,0.2634782608695652,0.6269565217391304
Feature_825,18.15881711244583,0.78,0.015599207285860296,0.47304347826086957,0.6265217391304347
Feature_708,10.773630797863007,0.42434782608695654,0.019208315771824556,0.8278260869565217,0.6260869565217391
Feature_52,14.79835170507431,0.6356521739130435,0.016667834818465288,0.6156521739130435,0.6256521739130435
Feature_636,10.545662969350815,0.41130434782608694,0.01932811080405784,0.84,0.6256521739130434
Feature_613,8.946544885635376,0.32,0.021734182434706345,0.9295652173913044,0.6247826086956522
Feature_363,25.482582211494446,0.94,0.014025866544998046,0.30782608695652175,0.6239130434782608
Feature_959,19.085112988948822,0.8130434782608695,0.015294719211579702,0.4339130434782609,0.6234782608695653
Feature_523,23.097939759492874,0.9069565217391304,0.01435278417061038,0.34,0.6234782608695653
Feature_1109,23.48624101281166,0.9139130434782609,0.01428987205408436,0.33304347826086955,0.6234782608695653
Feature_1064,32.111692011356354,0.9826086956521739,0.013317606945179864,0.2643478260869565,0.6234782608695653
Feature_240,29.457863986492157,0.9704347826086956,0.013601740978366998,0.2756521739130435,0.6230434782608696
Feature_7,8.21823000907898,0.2782608695652174,0.023975858867141986,0.9669565217391304,0.6226086956521739
Feature_487,18.90475583076477,0.8060869565217391,0.015337909302282371,0.4373913043478261,0.6217391304347826
Feature_1141,13.87437018752098,0.5930434782608696,0.01703840387513904,0.6504347826086957,0.6217391304347826
Feature_827,15.717789947986603,0.6817391304347826,0.016199053753676262,0.5608695652173913,0.6213043478260869
Feature_206,14.130674064159393,0.6069565217391304,0.016871672959425457,0.6347826086956522,0.6208695652173912
Feature_777,8.157255113124847,0.2756521739130435,0.023828641607491437,0.9652173913043478,0.6204347826086957
Feature_989,15.623399913311005,0.6782608695652174,0.0162034186613356,0.5626086956521739,0.6204347826086956
Feature_1065,25.07175013422966,0.9356521739130435,0.013927165563189924,0.30434782608695654,0.62
Feature_707,10.584591090679169,0.41391304347826086,0.019188006281252255,0.8260869565217391,0.62
Feature_1059,23.093633979558945,0.9060869565217391,0.014215947454998299,0.33043478260869563,0.6182608695652174
Feature_1148,14.575255930423737,0.6278260869565218,0.016609583139580393,0.6086956521739131,0.6182608695652174
Feature_369,21.998734056949615,0.8860869565217391,0.01447546069288541,0.34956521739130436,0.6178260869565217
Feature_91,14.974175900220871,0.6469565217391304,0.016446589767672784,0.5878260869565217,0.6173913043478261
Feature_1112,13.554349780082703,0.577391304347826,0.017107783041990798,0.6573913043478261,0.6173913043478261
Feature_430,14.298107117414474,0.6147826086956522,0.01667835715636306,0.6182608695652174,0.6165217391304347
Feature_759,11.628095179796219,0.47739130434782606,0.01828002911366726,0.7556521739130435,0.6165217391304347
Feature_609,10.548590064048767,0.4121739130434783,0.018992329385736754,0.8156521739130435,0.6139130434782609
Feature_366,20.19640564918518,0.8382608695652174,0.014841523746381141,0.38782608695652177,0.6130434782608696
Feature_771,9.082211017608643,0.32869565217391306,0.020709716701368848,0.8965217391304348,0.6126086956521739
Feature_852,15.331747055053711,0.6617391304347826,0.01621076992189062,0.5634782608695652,0.6126086956521739
Feature_313,8.652039110660553,0.30695652173913046,0.021211166188932675,0.9165217391304348,0.6117391304347826
Feature_851,15.971719861030579,0.6965217391304348,0.01588849008677721,0.5252173913043479,0.6108695652173913
Feature_266,22.880034923553467,0.9043478260869565,0.014089261511439221,0.31478260869565217,0.6095652173913043
Feature_476,21.101482272148132,0.8626086956521739,0.014527980302245256,0.35478260869565215,0.6086956521739131
Feature_987,13.195784151554108,0.5573913043478261,0.017120775171900773,0.66,0.6086956521739131
Feature_688,7.686459004878998,0.24608695652173912,0.02432820361913188,0.971304347826087,0.6086956521739131
Feature_355,18.596147060394287,0.7973913043478261,0.015174720270787983,0.4191304347826087,0.6082608695652174
Feature_1146,14.362947046756744,0.6182608695652174,0.01652222701448605,0.5965217391304348,0.6073913043478261
Feature_12,21.240790903568268,0.8669565217391304,0.014436078602100392,0.34782608695652173,0.6073913043478261
Feature_96,12.439744055271149,0.5165217391304348,0.017534129983452426,0.6982608695652174,0.6073913043478261
Feature_67,10.3679338991642,0.4026086956521739,0.018936314636245195,0.811304347826087,0.6069565217391304
Feature_911,9.943761885166168,0.37130434782608696,0.019375167524544008,0.8408695652173913,0.6060869565217392
Feature_967,15.205324709415436,0.6573913043478261,0.01610089759413366,0.5521739130434783,0.6047826086956523
Feature_284,12.52656900882721,0.5226086956521739,0.017407111897330883,0.6869565217391305,0.6047826086956523
Feature_338,12.291369080543518,0.5052173913043478,0.017609003146142346,0.7034782608695652,0.6043478260869566
Feature_859,18.134721994400024,0.7782608695652173,0.015272039004989867,0.43043478260869567,0.6043478260869565
Feature_44,7.080809116363525,0.2182608695652174,0.02623906208742382,0.9886956521739131,0.6034782608695652
Feature_1034,28.741457879543304,0.9660869565217391,0.012787414806658301,0.2408695652173913,0.6034782608695652
Feature_78,12.784585148096085,0.5373913043478261,0.017256263215204983,0.668695652173913,0.6030434782608696
Feature_499,12.326534867286682,0.5095652173913043,0.01752873536502157,0.6956521739130435,0.6026086956521739
Feature_854,14.497647106647491,0.6243478260869565,0.01636564770209329,0.5808695652173913,0.6026086956521739
Feature_881,26.907765060663223,0.9521739130434783,0.013013468878758578,0.25130434782608696,0.6017391304347827
Feature_970,17.67145285010338,0.7634782608695653,0.015361627248971273,0.44,0.6017391304347827
Feature_1050,12.548804938793182,0.5260869565217391,0.017311220358412403,0.6765217391304348,0.6013043478260869
Feature_364,20.680055886507034,0.8530434782608696,0.014473759942566373,0.348695652173913,0.6008695652173913
Feature_821,12.43456894159317,0.5147826086956522,0.017399758323721898,0.6860869565217391,0.6004347826086956
Feature_940,13.937267065048218,0.5956521739130435,0.016596881409431226,0.6052173913043478,0.6004347826086956
Feature_917,22.18980062007904,0.888695652173913,0.01406410183458598,0.31130434782608696,0.6
Feature_479,27.684403002262115,0.957391304347826,0.012791524259168484,0.2417391304347826,0.5995652173913043
Feature_477,30.382176786661148,0.9773913043478261,0.012387638712897595,0.22,0.5986956521739131
Feature_212,16.6635799407959,0.7252173913043478,0.015587335249227063,0.47130434782608693,0.5982608695652174
Feature_763,7.153990983963013,0.2234782608695652,0.024445132592322786,0.9721739130434782,0.5978260869565217
Feature_481,31.055650770664215,0.9791304347826087,0.012280603048463862,0.21565217391304348,0.5973913043478261
Feature_795,23.27519178390503,0.9113043478260869,0.013628375026612086,0.2817391304347826,0.5965217391304347
Feature_975,17.590754747390747,0.76,0.015284539890378583,0.43217391304347824,0.5960869565217392
Feature_598,8.081695079803467,0.27217391304347827,0.021299690935104268,0.9191304347826087,0.5956521739130435
Feature_689,7.755651950836182,0.25130434782608696,0.02216597304724271,0.9391304347826087,0.5952173913043478
Feature_750,9.698148161172867,0.35739130434782607,0.019238003926580125,0.8321739130434782,0.5947826086956521
Feature_596,8.262357950210571,0.2817391304347826,0.020913330111192726,0.9052173913043479,0.5934782608695652
Feature_816,14.434601962566376,0.6226086956521739,0.016215830571151616,0.5643478260869565,0.5934782608695652
Feature_1016,22.19742265343666,0.8895652173913043,0.013865665679246537,0.2956521739130435,0.5926086956521739
Feature_724,12.444177091121674,0.5182608695652174,0.017249355990953587,0.6669565217391304,0.5926086956521739
Feature_612,7.163084030151367,0.22434782608695653,0.023660821681021595,0.96,0.5921739130434782
Feature_18,8.698304921388626,0.3095652173913043,0.02023804483517881,0.8747826086956522,0.5921739130434782
Feature_480,13.960990071296692,0.5982608695652174,0.016420124479758436,0.5843478260869566,0.591304347826087
Feature_685,10.073117762804031,0.38,0.01879760310527932,0.8,0.5900000000000001
Feature_1070,10.620674073696136,0.4165217391304348,0.01832749357697092,0.7634782608695653,0.5900000000000001
Feature_947,14.812701016664505,0.6382608695652174,0.015998056770810187,0.5408695652173913,0.5895652173913044
Feature_435,10.959438920021057,0.44,0.01806222547477032,0.7373913043478261,0.5886956521739131
Feature_512,17.841706186532974,0.768695652173913,0.015003749692279468,0.40869565217391307,0.5886956521739131
Feature_9,25.460428833961487,0.9391304347826087,0.012721100481769283,0.2373913043478261,0.5882608695652174
Feature_578,26.936856985092163,0.9530434782608695,0.012446927658587374,0.2234782608695652,0.5882608695652174
Feature_1015,18.566374868154526,0.7939130434782609,0.014808988448675916,0.3826086956521739,0.5882608695652174
Feature_737,15.785141050815582,0.6869565217391305,0.015721096109041245,0.48869565217391303,0.5878260869565217
Feature_436,9.733228981494904,0.3617391304347826,0.018951033884644922,0.8139130434782609,0.5878260869565217
Feature_889,21.393884003162384,0.8704347826086957,0.013915114786064258,0.3026086956521739,0.5865217391304348
Feature_49,6.890770047903061,0.20782608695652174,0.02377912920965765,0.9643478260869566,0.5860869565217391
Feature_334,7.911675989627838,0.2643478260869565,0.020944189907240264,0.9069565217391304,0.5856521739130435
Feature_529,31.193606317043304,0.98,0.011720774589359871,0.19130434782608696,0.5856521739130435
Feature_127,36.92585235834122,0.991304347826087,0.011493879356253706,0.1791304347826087,0.5852173913043479
Feature_242,42.72091507911682,0.9982608695652174,0.011272896446955042,0.16782608695652174,0.5830434782608696
Feature_448,15.681395947933197,0.68,0.015702119298567137,0.4860869565217391,0.5830434782608696
Feature_929,18.80593991279602,0.802608695652174,0.014602329517153843,0.3626086956521739,0.5826086956521739
Feature_762,8.44264703989029,0.29304347826086957,0.020135416599846766,0.871304347826087,0.5821739130434783
Feature_17,12.083136081695557,0.49391304347826087,0.01725893926714733,0.6695652173913044,0.5817391304347826
Feature_828,12.149306952953339,0.5008695652173913,0.017183574243251544,0.6617391304347826,0.581304347826087
Feature_1118,19.535889953374863,0.8234782608695652,0.014314249972973009,0.3373913043478261,0.5804347826086956
Feature_315,11.285917043685913,0.4573913043478261,0.017592052056425934,0.7017391304347826,0.5795652173913044
Feature_1036,28.24242016673088,0.9617391304347827,0.011847686705434004,0.19652173913043477,0.5791304347826087
Feature_697,6.6960450410842896,0.19652173913043477,0.023537805709647325,0.9582608695652174,0.577391304347826
Feature_982,16.062900125980377,0.6982608695652174,0.015482658063719287,0.45652173913043476,0.577391304347826
Feature_362,24.559841960668564,0.9278260869565217,0.012470803470039834,0.2252173913043478,0.5765217391304347
Feature_864,25.492374002933502,0.9408695652173913,0.012223610396189627,0.21130434782608695,0.5760869565217391
Feature_680,7.785772889852524,0.25217391304347825,0.020865986844968737,0.9,0.5760869565217391
Feature_574,13.553034901618958,0.5765217391304348,0.016288661069266387,0.5739130434782609,0.5752173913043479
Feature_129,21.93843212723732,0.8843478260869565,0.013335009338782794,0.26608695652173914,0.5752173913043478
Feature_188,22.461541056632996,0.8947826086956522,0.013079221488318,0.25478260869565217,0.5747826086956522
Feature_89,9.928177118301392,0.37043478260869567,0.018478749564864363,0.7773913043478261,0.5739130434782609
Feature_539,9.291810035705566,0.3373913043478261,0.018934037055294454,0.8104347826086956,0.5739130434782609
Feature_1010,10.91267603635788,0.4365217391304348,0.017716413942243284,0.7104347826086956,0.5734782608695652
Feature_879,12.362174987792969,0.5130434782608696,0.016806529118256124,0.6330434782608696,0.5730434782608695
Feature_645,7.875895857810974,0.26,0.020550862658755213,0.8860869565217391,0.5730434782608695
Feature_51,9.285605013370514,0.33652173913043476,0.0188516275825708,0.8069565217391305,0.5717391304347826
Feature_935,27.972227811813354,0.9608695652173913,0.011595199729089633,0.1817391304347826,0.571304347826087
Feature_608,9.119844108819962,0.32956521739130434,0.018938648730654633,0.8121739130434783,0.5708695652173913
Feature_196,21.939549148082733,0.8852173913043478,0.01305392518597943,0.2539130434782609,0.5695652173913044
Feature_694,7.062976062297821,0.2165217391304348,0.02146565548624915,0.922608695652174,0.5695652173913044
Feature_475,28.986544132232666,0.9669565217391304,0.011321512853077732,0.17217391304347826,0.5695652173913043
Feature_70,14.008916914463043,0.6026086956521739,0.015961258739252027,0.5339130434782609,0.5682608695652174
Feature_423,13.858113199472427,0.5921739130434782,0.015974188863710086,0.5382608695652173,0.5652173913043478
Feature_97,12.728548020124435,0.5347826086956522,0.016473462865661034,0.5904347826086956,0.5626086956521739
Feature_1102,15.285487949848175,0.6608695652173913,0.015511280211045173,0.46260869565217394,0.5617391304347826
Feature_676,6.484204947948456,0.18782608695652173,0.02197915570922216,0.9347826086956522,0.561304347826087
Feature_504,10.62873113155365,0.4182608695652174,0.01762630069838242,0.7043478260869566,0.561304347826087
Feature_790,16.51220515370369,0.7182608695652174,0.014972725040613729,0.40347826086956523,0.5608695652173913
Feature_904,21.72510489821434,0.8791304347826087,0.01282139251173893,0.2426086956521739,0.5608695652173913
Feature_597,10.059838891029358,0.3791304347826087,0.018097952782040797,0.7417391304347826,0.5604347826086956
Feature_365,18.39060002565384,0.788695652173913,0.014256975737449,0.331304347826087,0.56
Feature_6,5.572878062725067,0.1443478260869565,0.024954513076281673,0.9756521739130435,0.56
Feature_254,14.031171083450317,0.6043478260869565,0.015840435590650535,0.5147826086956522,0.5595652173913044
Feature_496,19.68700397014618,0.8304347826086956,0.013743947765474806,0.28782608695652173,0.5591304347826087
Feature_100,11.670668959617615,0.4791304347826087,0.01695329887901982,0.6391304347826087,0.5591304347826087
Feature_385,13.410255193710327,0.5678260869565217,0.0160774153593122,0.548695652173913,0.5582608695652174
Feature_653,11.471176028251648,0.46695652173913044,0.01703744797052131,0.6495652173913044,0.5582608695652174
Feature_1099,13.497596800327301,0.5721739130434783,0.01602874914271018,0.5434782608695652,0.5578260869565217
Feature_641,10.242694914340973,0.39217391304347826,0.017900361964429266,0.7226086956521739,0.557391304347826
Feature_1007,7.4940149784088135,0.23652173913043478,0.020181040846646188,0.8721739130434782,0.5543478260869565
Feature_336,12.793648958206177,0.5382608695652173,0.016236979538667717,0.5695652173913044,0.5539130434782609
Feature_296,9.460796892642975,0.34695652173913044,0.018314269402701335,0.76,0.5534782608695652
Feature_507,19.58927285671234,0.8252173913043478,0.013626495558624488,0.2808695652173913,0.5530434782608695
Feature_675,5.896326124668121,0.1565217391304348,0.02276972812407841,0.948695652173913,0.552608695652174
Feature_47,5.02143394947052,0.1208695652173913,0.02574554021482032,0.9834782608695652,0.5521739130434783
Feature_802,11.502377986907959,0.4678260869565217,0.016800131783821042,0.6313043478260869,0.5495652173913044
Feature_55,8.355883032083511,0.29130434782608694,0.018882131708897094,0.8078260869565217,0.5495652173913044
Feature_604,10.68436712026596,0.42,0.01732251910311629,0.6782608695652174,0.5491304347826087
Feature_1104,9.83925598859787,0.36695652173913046,0.01795073029567724,0.7286956521739131,0.5478260869565218
Feature_869,15.677600920200348,0.6791304347826087,0.015062753503640338,0.4152173913043478,0.5471739130434783
Feature_786,6.915910005569458,0.21130434782608695,0.020442760542588947,0.8826086956521739,0.5469565217391305
Feature_749,5.536062061786652,0.14,0.02316402627545685,0.9530434782608695,0.5465217391304348
Feature_1000,17.21570098400116,0.7452173913043478,0.014426510570084579,0.34695652173913044,0.5460869565217391
Feature_327,8.71112585067749,0.3130434782608696,0.01849604225480628,0.7791304347826087,0.5460869565217391
Feature_789,11.348824799060822,0.46,0.016801256935607353,0.6321739130434783,0.5460869565217391
Feature_1056,18.991903066635132,0.8095652173913044,0.013629326523876552,0.2826086956521739,0.5460869565217391
Feature_478,25.294225811958313,0.9373913043478261,0.01097122432039455,0.15391304347826087,0.5456521739130435
Feature_192,19.386453688144684,0.82,0.013354156608458881,0.26869565217391306,0.5443478260869565
Feature_998,18.860078066587448,0.8034782608695652,0.013633156412367974,0.2843478260869565,0.5439130434782609
Feature_134,21.054839953780174,0.8582608695652174,0.012517166443423324,0.22869565217391305,0.5434782608695652
Feature_652,11.64613801240921,0.4782608695652174,0.016606413313393933,0.6078260869565217,0.5430434782608695
Feature_985,26.583596616983414,0.951304347826087,0.010415791424662832,0.13478260869565217,0.5430434782608695
Feature_748,12.647378027439117,0.5295652173913044,0.016109886661838966,0.5556521739130434,0.5426086956521738
Feature_679,5.865518033504486,0.15478260869565216,0.021689692153190325,0.9278260869565217,0.5413043478260869
Feature_890,13.535500973463058,0.5747826086956521,0.015785922210671714,0.5069565217391304,0.5408695652173913
Feature_184,18.52066820859909,0.7921739130434783,0.01376918129125512,0.288695652173913,0.5404347826086957
Feature_957,21.621364027261734,0.8773913043478261,0.01191883776160001,0.2026086956521739,0.54
Feature_686,6.065050899982452,0.16608695652173913,0.02109664802489033,0.9139130434782609,0.54
Feature_936,23.625674784183502,0.9147826086956522,0.011234756952708529,0.16521739130434782,0.54
Feature_811,10.004663944244385,0.37478260869565216,0.017559979379408338,0.7,0.537391304347826
Feature_787,8.328364908695221,0.28695652173913044,0.01856213335615911,0.7852173913043479,0.5360869565217392
Feature_500,22.61001080274582,0.8973913043478261,0.011303614031037032,0.17043478260869566,0.5339130434782609
Feature_993,24.759800046682358,0.9295652173913044,0.01046710638590144,0.1373913043478261,0.5334782608695652
Feature_1134,22.40407305955887,0.8939130434782608,0.011319373580902218,0.17130434782608694,0.5326086956521738
Feature_162,14.259530067443848,0.6121739130434782,0.015455747873337995,0.45304347826086955,0.5326086956521738
Feature_450,22.275157928466797,0.8913043478260869,0.011327086426551905,0.17304347826086958,0.5321739130434783
Feature_530,10.88190907239914,0.4339130434782609,0.01678207795844651,0.6295652173913043,0.5317391304347826
Feature_668,3.68530011177063,0.07565217391304348,0.026194706306750918,0.9860869565217392,0.5308695652173914
Feature_383,21.522302865982056,0.871304347826087,0.011671208413622928,0.18956521739130436,0.5304347826086957
Feature_243,23.84626406431198,0.9182608695652174,0.01052750503480768,0.1408695652173913,0.5295652173913044
Feature_255,20.67348802089691,0.851304347826087,0.012068668366798114,0.20695652173913043,0.5291304347826087
Feature_94,10.389724969863892,0.4052173913043478,0.01704508771732198,0.6521739130434783,0.528695652173913
Feature_666,5.133803069591522,0.12434782608695652,0.02180726105468821,0.9321739130434783,0.5282608695652175
Feature_819,21.106680691242218,0.8634782608695653,0.011727282454764289,0.19217391304347825,0.5278260869565218
Feature_46,3.577876925468445,0.07217391304347825,0.02570519040631122,0.9826086956521739,0.5273913043478261
Feature_922,10.77728009223938,0.4252173913043478,0.01676687230428415,0.628695652173913,0.5269565217391304
Feature_536,11.880026042461395,0.48782608695652174,0.01622027940621438,0.5660869565217391,0.5269565217391304
Feature_804,9.862222045660019,0.36869565217391304,0.01737313157781743,0.6843478260869565,0.5265217391304348
Feature_511,13.485833048820496,0.5704347826086956,0.015634751083492767,0.4808695652173913,0.5256521739130435
Feature_405,16.00136500597,0.697391304347826,0.014512316450349156,0.35304347826086957,0.5252173913043479
Feature_86,12.441687881946564,0.5173913043478261,0.015959622909838083,0.5330434782608696,0.5252173913043479
Feature_572,13.847317039966583,0.5904347826086956,0.015492185047588586,0.4591304347826087,0.5247826086956522
Feature_915,14.83827519416809,0.64,0.015004171319442702,0.40956521739130436,0.5247826086956522
Feature_870,15.212258040904999,0.6591304347826087,0.0148482675671704,0.38869565217391305,0.5239130434782608
Feature_799,16.859548032283783,0.7347826086956522,0.014079737616778278,0.3126086956521739,0.523695652173913
Feature_606,2.6421770453453064,0.04608695652173913,0.028412707093603603,1.0,0.5230434782608696
Feature_629,6.255763947963715,0.17478260869565218,0.020084671582708265,0.8686956521739131,0.5217391304347826
Feature_649,8.692148983478546,0.30869565217391304,0.01802426913992053,0.7339130434782609,0.521304347826087
Feature_813,9.270477086305618,0.3347826086956522,0.017634242043213035,0.7052173913043478,0.52
Feature_728,7.914749979972839,0.26521739130434785,0.018461918132561785,0.7747826086956522,0.52
Feature_3,2.9869269728660583,0.05391304347826087,0.026094317810177507,0.9852173913043478,0.5195652173913043
Feature_527,21.82911992073059,0.8808695652173913,0.011151920057922083,0.1582608695652174,0.5195652173913043
Feature_736,10.75081092119217,0.4226086956521739,0.01665380692349677,0.6139130434782609,0.5182608695652174
Feature_10,15.359372973442078,0.662608695652174,0.014737131614473542,0.37217391304347824,0.5173913043478261
Feature_999,38.24645107984543,0.9930434782608696,0.007739839228867566,0.04173913043478261,0.5173913043478261
Feature_656,10.423999071121216,0.40695652173913044,0.016753826278933903,0.6243478260869565,0.5156521739130435
Feature_767,4.597967028617859,0.11130434782608696,0.021308701341879538,0.92,0.5156521739130435
Feature_330,10.059412002563477,0.3782608695652174,0.017043159695156872,0.6513043478260869,0.5147826086956522
Feature_2,2.406559944152832,0.04,0.026362556735410117,0.9895652173913043,0.5147826086956522
Feature_43,2.1226149797439575,0.036521739130434785,0.026598601996921333,0.9921739130434782,0.5143478260869565
Feature_651,11.15182113647461,0.4504347826086956,0.016328884915791167,0.577391304347826,0.5139130434782608
Feature_846,8.431837916374207,0.2921739130434783,0.018056299119867402,0.7356521739130435,0.5139130434782608
Feature_849,15.061189830303192,0.6513043478260869,0.0147507560974114,0.3765217391304348,0.5139130434782608
Feature_457,20.4262877702713,0.8434782608695652,0.011606069349649601,0.18347826086956523,0.5134782608695653
Feature_883,15.14857292175293,0.6539130434782608,0.014731214274175465,0.37130434782608696,0.5126086956521739
Feature_605,5.010629892349243,0.12,0.020911661065111727,0.9043478260869565,0.5121739130434783
Feature_379,20.52383491396904,0.8469565217391304,0.011456223410731915,0.17739130434782607,0.5121739130434783
Feature_903,15.38794207572937,0.6660869565217391,0.014541737614688303,0.35739130434782607,0.5117391304347826
Feature_1074,12.14789792895317,0.4991304347826087,0.0158780804652097,0.5226086956521739,0.5108695652173914
Feature_779,9.76398503780365,0.3634782608695652,0.017107844507985883,0.6582608695652173,0.5108695652173912
Feature_244,20.10445374250412,0.837391304347826,0.01160200256826544,0.1826086956521739,0.51
Feature_454,10.622369050979614,0.41739130434782606,0.01655708494298981,0.6008695652173913,0.5091304347826087
Feature_185,28.362112283706665,0.9626086956521739,0.008224236995938,0.05478260869565217,0.508695652173913
Feature_808,10.568467140197754,0.41304347826086957,0.016596765707902594,0.6043478260869565,0.508695652173913
Feature_57,12.311817020177841,0.5069565217391304,0.015810981939813618,0.5095652173913043,0.5082608695652173
Feature_860,13.776722848415375,0.5878260869565217,0.0152464881797991,0.42869565217391303,0.5082608695652173
Feature_1101,10.37187111377716,0.40347826086956523,0.016632419756510558,0.611304347826087,0.5073913043478261
Feature_622,11.242755889892578,0.45565217391304347,0.016151535986718448,0.5582608695652174,0.5069565217391304
Feature_814,10.809288084506989,0.43043478260869567,0.01639103651179273,0.5817391304347826,0.5060869565217392
Feature_1061,40.37295717000961,0.9947826086956522,0.006548595334047154,0.017391304347826087,0.5060869565217391
Feature_657,7.652443110942841,0.24521739130434783,0.01838596322182257,0.7652173913043478,0.5052173913043478
Feature_769,3.7913010120391846,0.08,0.021781655353534053,0.9304347826086956,0.5052173913043478
Feature_259,22.33538806438446,0.8921739130434783,0.010055374782011595,0.11652173913043479,0.5043478260869565
Feature_735,3.599318027496338,0.07304347826086957,0.022017679596091553,0.9356521739130435,0.5043478260869565
Feature_238,17.572099924087524,0.7591304347826087,0.012963621411889201,0.24956521739130436,0.5043478260869565
Feature_872,11.131654918193817,0.44782608695652176,0.01619415340230826,0.5591304347826087,0.5034782608695653
Feature_419,14.259556978940964,0.6130434782608696,0.014897161657453901,0.3939130434782609,0.5034782608695653
Feature_69,12.90164989233017,0.54,0.015520294013831589,0.46608695652173915,0.5030434782608696
Feature_224,18.985225081443787,0.8069565217391305,0.011879616130486157,0.19826086956521738,0.5026086956521739
Feature_681,4.23753297328949,0.09478260869565218,0.02101157402932817,0.9104347826086957,0.5026086956521739
Feature_60,6.978269934654236,0.21304347826086956,0.018661692346609183,0.7921739130434783,0.5026086956521739
Feature_309,10.806893110275269,0.42782608695652175,0.0163116235415007,0.5765217391304348,0.5021739130434782
Feature_337,8.099636852741241,0.27304347826086955,0.01791809489464807,0.7260869565217392,0.49956521739130433
Feature_563,3.1769299507141113,0.059130434782608696,0.022199172466185,0.94,0.49956521739130433
Feature_447,20.731633961200714,0.8556521739130435,0.01060681292395239,0.1426086956521739,0.4991304347826087
Feature_800,10.895797908306122,0.43478260869565216,0.01619937670276741,0.5617391304347826,0.4982608695652174
Feature_961,21.087487012147903,0.8608695652173913,0.010407851886373826,0.13391304347826086,0.4973913043478261
Feature_1128,10.251384854316711,0.3939130434782609,0.016542126770296917,0.5982608695652174,0.4960869565217392
Feature_87,4.324369013309479,0.09826086956521739,0.020562565696873505,0.888695652173913,0.4934782608695652
Feature_1136,13.074276000261307,0.5504347826086956,0.01532697066081883,0.4365217391304348,0.4934782608695652
Feature_919,12.455101072788239,0.5191304347826087,0.01552780521528364,0.46695652173913044,0.4930434782608696
Feature_569,5.494255006313324,0.1373913043478261,0.019453524999316508,0.8469565217391304,0.49217391304347824
Feature_630,7.859322965145111,0.2582608695652174,0.017916382501680872,0.7252173913043478,0.49173913043478257
Feature_442,14.549141883850098,0.6269565217391304,0.01454050827704044,0.3565217391304348,0.49173913043478257
Feature_531,8.905838012695312,0.3191304347826087,0.017185012904651163,0.6634782608695652,0.49130434782608695
Feature_20,14.28887203335762,0.6139130434782609,0.014649866716839642,0.3660869565217391,0.49
Feature_620,6.85724401473999,0.20347826086956522,0.018462460662833063,0.7756521739130435,0.4895652173913044
Feature_726,7.409536957740784,0.23217391304347826,0.018150894631469877,0.7469565217391304,0.4895652173913043
Feature_433,12.654985129833221,0.5313043478260869,0.015411274298515798,0.44782608695652176,0.4895652173913043
Feature_144,17.39916217327118,0.7513043478260869,0.012497431351393097,0.22695652173913045,0.48913043478260865
Feature_505,14.330866038799286,0.6165217391304347,0.014598598081385732,0.3617391304347826,0.48913043478260865
Feature_913,13.958152174949646,0.5973913043478261,0.01479510992298261,0.3808695652173913,0.48913043478260865
Feature_711,5.551581025123596,0.1426086956521739,0.019252092274982955,0.8347826086956521,0.48869565217391303
Feature_948,8.844362080097198,0.31478260869565217,0.017122032521444477,0.6608695652173913,0.48782608695652174
Feature_788,2.5156089663505554,0.042608695652173914,0.02184036935926291,0.9330434782608695,0.48782608695652174
Feature_1137,19.3859760761261,0.8191304347826087,0.011079781051086472,0.15565217391304348,0.48739130434782607
Feature_853,11.132427990436554,0.44956521739130434,0.015880700836843054,0.5243478260869565,0.4869565217391304
Feature_314,4.444846928119659,0.10695652173913044,0.020036812983850974,0.8669565217391304,0.4869565217391304
Feature_576,7.525673091411591,0.2382608695652174,0.018054024022409066,0.7347826086956522,0.4865217391304348
Feature_761,5.556518077850342,0.14347826086956522,0.019210889946781502,0.828695652173913,0.48608695652173917
Feature_877,10.24537181854248,0.39304347826086955,0.016332378187308937,0.5782608695652174,0.4856521739130435
Feature_1108,10.141300082206726,0.3843478260869565,0.01643461689318131,0.5860869565217391,0.4852173913043478
Feature_1052,10.9754558801651,0.4408695652173913,0.01589970461750669,0.5278260869565218,0.48434782608695653
Feature_722,6.406819075345993,0.18521739130434783,0.018523599143075126,0.7834782608695652,0.4843478260869565
Feature_798,11.60755866765976,0.4765217391304348,0.015739248718189543,0.49043478260869566,0.48347826086956525
Feature_633,4.364069938659668,0.10173913043478261,0.01999377792394879,0.8643478260869565,0.4830434782608696
Feature_258,15.940834939479828,0.6947826086956522,0.013504194389577803,0.271304347826087,0.4830434782608696
Feature_136,15.449136793613434,0.6721739130434783,0.013814810875445817,0.2921739130434783,0.4821739130434783
Feature_927,13.93879896402359,0.5965217391304348,0.014665546904333178,0.36695652173913046,0.48173913043478267
Feature_557,7.791695952415466,0.2539130434782609,0.017706272464377924,0.7086956521739131,0.481304347826087
Feature_547,13.613939881324768,0.5817391304347826,0.014775584004622498,0.38,0.4808695652173913
Feature_332,10.97670504450798,0.44173913043478263,0.015863099461043365,0.5191304347826087,0.48043478260869565
Feature_328,5.476639986038208,0.13652173913043478,0.01912802381882453,0.8234782608695652,0.48
Feature_863,12.319956928491592,0.508695652173913,0.01541697334665309,0.44956521739130434,0.47913043478260864
Feature_673,7.069578051567078,0.21739130434782608,0.018078725042979825,0.7391304347826086,0.47826086956521735
Feature_778,4.987805008888245,0.1191304347826087,0.019249209585337417,0.8339130434782609,0.4765217391304348
Feature_952,18.035959899425507,0.7756521739130435,0.011424276837309776,0.17652173913043478,0.47608695652173916
Feature_458,16.306959956884384,0.7052173913043478,0.012869950589078638,0.24608695652173912,0.4756521739130435
Feature_1135,16.917320132255554,0.7365217391304347,0.012274946154532961,0.21478260869565216,0.47565217391304343
Feature_356,9.744127839803696,0.3626086956521739,0.016442412969524086,0.5869565217391305,0.4747826086956522
Feature_325,14.125817775726318,0.6060869565217392,0.014378307006194429,0.3426086956521739,0.4743478260869565
Feature_517,12.533474087715149,0.5234782608695652,0.015222101686342793,0.4252173913043478,0.47434782608695647
Feature_561,6.0428860783576965,0.16521739130434782,0.01850914572927704,0.7808695652173913,0.47304347826086957
Feature_237,19.68096089363098,0.8295652173913044,0.010055145269605699,0.11565217391304349,0.47260869565217395
Feature_665,8.260626077651978,0.2808695652173913,0.0172192636966728,0.6643478260869565,0.4726086956521739
Feature_1053,12.781875044107437,0.5365217391304348,0.014986095866321013,0.40695652173913044,0.4717391304347826
Feature_526,10.924779057502747,0.4373913043478261,0.015771191361190078,0.5052173913043478,0.471304347826087
Feature_855,13.999909162521362,0.6017391304347826,0.014353276390870822,0.3408695652173913,0.47130434782608693
Feature_663,6.250728011131287,0.17391304347826086,0.01843279648390595,0.768695652173913,0.47130434782608693
Feature_747,6.753799140453339,0.1991304347826087,0.018118199924606008,0.7426086956521739,0.4708695652173913
Feature_950,14.634689033031464,0.6321739130434783,0.014036327447710552,0.3095652173913043,0.4708695652173913
Feature_923,13.148413896560669,0.5547826086956522,0.014835170202170253,0.38608695652173913,0.47043478260869565
Feature_1125,25.256949961185455,0.9365217391304348,0.005354230814217756,0.0026086956521739132,0.46956521739130436
Feature_209,13.053478837013245,0.5478260869565217,0.014854839108946648,0.38956521739130434,0.468695652173913
Feature_484,21.57760602235794,0.8730434782608696,0.00852800062821167,0.06347826086956522,0.4682608695652174
Feature_732,3.75803005695343,0.0782608695652174,0.01977455071276855,0.8565217391304348,0.4673913043478261
Feature_253,22.671355962753296,0.9,0.007442596408314492,0.03391304347826087,0.46695652173913044
Feature_1047,11.54211312532425,0.47130434782608693,0.015508998251928651,0.4617391304347826,0.46652173913043476
Feature_873,12.674044013023376,0.5321739130434783,0.014950466758295249,0.4,0.46608695652173915
Feature_189,22.212280750274658,0.8904347826086957,0.007618253469057585,0.0408695652173913,0.4656521739130435
Feature_368,14.224881052970886,0.611304347826087,0.014114608437442803,0.3191304347826087,0.46521739130434786
Feature_300,12.841122090816498,0.5391304347826087,0.014855342960142034,0.39043478260869563,0.46478260869565213
Feature_1122,7.198517084121704,0.22608695652173913,0.017599097004477784,0.7026086956521739,0.4643478260869565
Feature_161,9.727992951869965,0.36,0.016229518155294914,0.5678260869565217,0.46391304347826084
Feature_431,21.58075213432312,0.8739130434782608,0.008203181834305783,0.05391304347826087,0.46391304347826084
Feature_623,8.483142912387848,0.2965217391304348,0.01679355533722761,0.6304347826086957,0.46347826086956523
Feature_317,12.986929059028625,0.5452173913043479,0.014774770673080306,0.3791304347826087,0.4621739130434783
Feature_311,6.294115960597992,0.17652173913043478,0.01815621198952348,0.7478260869565218,0.46217391304347827
Feature_965,10.991344809532166,0.4434782608695652,0.015628869988285662,0.48,0.4617391304347826
Feature_938,6.5318010449409485,0.19130434782608696,0.018008426056424838,0.7321739130434782,0.4617391304347826
Feature_441,15.771816968917847,0.6852173913043478,0.012722647428005333,0.2382608695652174,0.4617391304347826
Feature_506,18.214817941188812,0.7834782608695652,0.010467700287898927,0.13826086956521738,0.4608695652173913
Feature_794,10.808654129505157,0.4295652173913043,0.0157087117729853,0.48695652173913045,0.4582608695652174
Feature_211,18.867909133434296,0.8043478260869565,0.00985581028725541,0.11043478260869566,0.4573913043478261
Feature_241,17.594806969165802,0.7608695652173914,0.010956809548477291,0.15304347826086956,0.4569565217391305
Feature_260,8.75630909204483,0.3139130434782609,0.016553524735043904,0.6,0.45695652173913043
Feature_621,5.633416026830673,0.14608695652173914,0.018418314463146603,0.7660869565217391,0.45608695652173914
Feature_556,10.90708401799202,0.4356521739130435,0.015608879303970861,0.4765217391304348,0.45608695652173914
Feature_990,10.182208061218262,0.38869565217391305,0.01587623616092861,0.5217391304347826,0.4552173913043478
Feature_74,11.131775081157684,0.44869565217391305,0.015493303524262415,0.46,0.45434782608695656
Feature_340,10.125295996665955,0.3834782608695652,0.015880039882097706,0.5234782608695652,0.4534782608695652
Feature_1085,21.59017089009285,0.8747826086956522,0.007284209916501822,0.03130434782608696,0.45304347826086955
Feature_615,8.307236075401306,0.2843478260869565,0.016713849292211872,0.62,0.45217391304347826
Feature_752,14.627952873706818,0.6304347826086957,0.013573159187414433,0.27391304347826084,0.45217391304347826
Feature_117,19.486462146043777,0.8226086956521739,0.008959445368150248,0.0808695652173913,0.4517391304347826
Feature_571,9.716190814971924,0.3582608695652174,0.016007079736835943,0.542608695652174,0.4504347826086957
Feature_200,18.476663947105408,0.7904347826086957,0.009774419780861224,0.10956521739130434,0.45
Feature_437,15.699646085500717,0.6808695652173913,0.012387388744376318,0.21913043478260869,0.44999999999999996
Feature_1147,8.87500685453415,0.3165217391304348,0.016413052281793596,0.5826086956521739,0.44956521739130434
Feature_538,8.61644297838211,0.30434782608695654,0.016517633884973782,0.5947826086956521,0.44956521739130434
Feature_909,12.773971974849701,0.5356521739130434,0.01460542115920451,0.3634782608695652,0.4495652173913043
Feature_298,5.380585134029388,0.13043478260869565,0.018432230476651306,0.7678260869565218,0.4491304347826087
Feature_1116,17.600731194019318,0.7617391304347826,0.010440618436172285,0.1356521739130435,0.44869565217391305
Feature_793,13.987786889076233,0.6,0.01386502623531582,0.29478260869565215,0.44739130434782604
Feature_68,9.017705976963043,0.32521739130434785,0.0162366973068066,0.568695652173913,0.4469565217391305
Feature_773,5.98805296421051,0.16260869565217392,0.017977607271338573,0.731304347826087,0.4469565217391305
Feature_607,6.687976121902466,0.1956521739130435,0.017533895894746663,0.697391304347826,0.44652173913043475
Feature_359,8.31918090581894,0.2852173913043478,0.016601860637384037,0.6060869565217392,0.44565217391304346
Feature_733,5.799509882926941,0.15130434782608695,0.018086756980838607,0.74,0.44565217391304346
Feature_532,7.456564009189606,0.23478260869565218,0.017094861363212005,0.6565217391304348,0.44565217391304346
Feature_1012,12.64813506603241,0.5304347826086957,0.014582598645624473,0.36,0.44521739130434784
Feature_1107,7.384768128395081,0.23130434782608697,0.01711542680298856,0.6591304347826087,0.44521739130434784
Feature_123,19.1357901096344,0.8139130434782609,0.008810675472964428,0.07565217391304348,0.44478260869565217
Feature_581,2.4294298887252808,0.0408695652173913,0.01951271809570946,0.8478260869565217,0.4443478260869565
Feature_351,11.235471963882446,0.4547826086956522,0.015288613910889834,0.4330434782608696,0.4439130434782609
Feature_348,10.384644865989685,0.4043478260869565,0.01566550436843709,0.4834782608695652,0.4439130434782609
Feature_1080,16.115551829338074,0.7008695652173913,0.01162331838973936,0.18608695652173912,0.4434782608695652
Feature_861,11.392718970775604,0.4652173913043478,0.015183027024477398,0.42086956521739133,0.44304347826086954
Feature_972,12.21006292104721,0.5034782608695653,0.014795939879556899,0.38173913043478264,0.442608695652174
Feature_409,16.837483048439026,0.7339130434782609,0.01089707973308303,0.15130434782608695,0.4426086956521739
Feature_760,1.8182920217514038,0.03130434782608696,0.019557882667007687,0.851304347826087,0.44130434782608696
Feature_1031,13.01374489068985,0.5469565217391305,0.014293623652108994,0.3339130434782609,0.4404347826086957
Feature_966,16.496942907571793,0.717391304347826,0.011223861388146324,0.16260869565217392,0.44
Feature_626,12.694137156009674,0.5339130434782609,0.014387544876087802,0.3452173913043478,0.43956521739130433
Feature_354,11.53989291191101,0.47043478260869565,0.01499934008861056,0.4078260869565217,0.4391304347826087
Feature_784,7.9046719670295715,0.26260869565217393,0.016665610621126505,0.6147826086956522,0.43869565217391304
Feature_635,4.369810998439789,0.10347826086956521,0.018452400810296383,0.7739130434782608,0.43869565217391304
Feature_491,18.48605901002884,0.7913043478260869,0.009026395791700082,0.08521739130434783,0.43826086956521737
Feature_782,6.402207970619202,0.1826086956521739,0.01746394666177374,0.6921739130434783,0.43739130434782614
Feature_575,6.512643039226532,0.19043478260869565,0.01734974013428318,0.6826086956521739,0.43652173913043474
Feature_92,7.7390888929367065,0.25043478260869567,0.016722751234955233,0.6208695652173913,0.4356521739130435
Feature_347,7.9935168623924255,0.26869565217391306,0.01657297762900721,0.6026086956521739,0.43565217391304345
Feature_142,16.659021019935608,0.7243478260869565,0.010682507938572507,0.14608695652173914,0.4352173913043478
Feature_746,5.804300963878632,0.15304347826086956,0.01779361324751394,0.7147826086956521,0.4339130434782609
Feature_131,17.815965831279755,0.7660869565217391,0.009376240902135367,0.10086956521739131,0.4334782608695652
Feature_490,9.61186683177948,0.35391304347826086,0.01582567346528768,0.5121739130434783,0.43304347826086953
Feature_984,12.314955949783325,0.5078260869565218,0.014530825989859187,0.3556521739130435,0.4317391304347826
Feature_1143,9.342179894447327,0.3408695652173913,0.015870510709368728,0.5208695652173913,0.4308695652173913
Feature_1014,13.992642939090729,0.6008695652173913,0.013147176706300947,0.2591304347826087,0.43000000000000005
Feature_1045,7.9817230105400085,0.2678260869565217,0.01648134523970853,0.591304347826087,0.4295652173913044
Feature_404,13.611897051334381,0.5808695652173913,0.01361467685280494,0.2782608695652174,0.4295652173913044
Feature_130,14.153595060110092,0.6078260869565217,0.012999379252495733,0.25043478260869567,0.4291304347826087
Feature_810,6.907582879066467,0.21043478260869566,0.017008350944105362,0.6469565217391304,0.42869565217391303
Feature_41,12.102070897817612,0.4956521739130435,0.014569917419464083,0.3591304347826087,0.42739130434782613
Feature_753,7.812047123908997,0.25478260869565217,0.016538212905311656,0.5973913043478261,0.4260869565217391
Feature_565,4.3562400341033936,0.1,0.01821618513690291,0.7521739130434782,0.4260869565217391
Feature_583,13.758868992328644,0.5860869565217391,0.01333121028107541,0.26521739130434785,0.4256521739130435
Feature_562,5.966937065124512,0.1591304347826087,0.017460481657242215,0.691304347826087,0.4252173913043478
Feature_755,3.0908560156822205,0.057391304347826085,0.01864383527510579,0.7904347826086957,0.4239130434782609
Feature_118,16.1157968044281,0.7017391304347826,0.0106293141989516,0.14521739130434783,0.42347826086956525
Feature_221,20.262436985969543,0.84,0.005747575467754296,0.006956521739130435,0.4234782608695652
Feature_286,16.34617781639099,0.7060869565217391,0.01052337546153401,0.14,0.4230434782608696
Feature_1131,13.355977952480316,0.5660869565217391,0.013619959062755,0.28,0.4230434782608696
Feature_1022,8.584183990955353,0.3026086956521739,0.015988173853980197,0.54,0.42130434782608694
Feature_21,9.915999114513397,0.3695652173913043,0.01558115118238068,0.47043478260869565,0.42
Feature_239,16.36750105023384,0.7078260869565217,0.010368974781205074,0.13130434782608696,0.41956521739130437
Feature_262,14.366375029087067,0.6191304347826087,0.012369008367337977,0.2182608695652174,0.418695652173913
Feature_654,8.952571988105774,0.3208695652173913,0.015847747740079264,0.5165217391304348,0.418695652173913
Feature_564,3.6667839884757996,0.07478260869565218,0.018319104461185915,0.7617391304347826,0.41826086956521735
Feature_350,10.536173164844513,0.41043478260869565,0.015203475727898584,0.4226086956521739,0.4165217391304348
Feature_382,8.4617201089859,0.29391304347826086,0.015976698471938184,0.5391304347826087,0.4165217391304348
Feature_1129,15.545696139335632,0.6747826086956522,0.011140191587300688,0.15739130434782608,0.41608695652173916
Feature_818,11.317575097084045,0.4582608695652174,0.014742451753552372,0.3734782608695652,0.41586956521739127
Feature_416,15.02417516708374,0.6495652173913044,0.01138361237500771,0.17565217391304347,0.4126086956521739
Feature_848,12.092481076717377,0.49478260869565216,0.014211249225471333,0.32956521739130434,0.4121739130434783
Feature_226,18.162660002708435,0.7808695652173913,0.007830387729162542,0.043478260869565216,0.4121739130434782
Feature_497,15.446929037570953,0.671304347826087,0.010944121881564503,0.15217391304347827,0.4117391304347826
Feature_440,11.069742918014526,0.4443478260869565,0.014762380487530294,0.3773913043478261,0.41086956521739126
Feature_847,13.576841115951538,0.58,0.012782799848359309,0.24,0.41
Feature_826,11.546153962612152,0.4721739130434783,0.01440759658816304,0.34608695652173915,0.4091304347826087
Feature_388,9.310875952243805,0.3382608695652174,0.01562693517725963,0.4791304347826087,0.408695652173913
Feature_541,5.641896903514862,0.14695652173913043,0.017231238183767435,0.6660869565217391,0.40652173913043477
Feature_524,15.233604729175568,0.66,0.010818480671928097,0.14956521739130435,0.4047826086956522
Feature_577,13.31131899356842,0.5634782608695652,0.012864505034427027,0.24521739130434783,0.4043478260869565
Feature_468,15.03087106347084,0.6504347826086957,0.01114011407713719,0.1565217391304348,0.40347826086956523
Feature_1013,10.168348968029022,0.38782608695652177,0.015153356981780006,0.4165217391304348,0.40217391304347827
Feature_443,12.913571059703827,0.5417391304347826,0.01325737294130482,0.26260869565217393,0.40217391304347827
Feature_357,6.021430969238281,0.16434782608695653,0.016884850987629856,0.6356521739130435,0.4
Feature_801,13.17600703239441,0.5565217391304348,0.012833658634655807,0.24347826086956523,0.4
Feature_930,9.796378016471863,0.36434782608695654,0.01532145421680796,0.43478260869565216,0.39956521739130435
Feature_968,5.916248977184296,0.15739130434782608,0.01696024299288688,0.6408695652173914,0.39913043478260873
Feature_413,13.545671045780182,0.5756521739130435,0.012387954381290438,0.22086956521739132,0.3982608695652174
Feature_1145,9.14957994222641,0.33043478260869563,0.015514629397493018,0.4643478260869565,0.3973913043478261
Feature_267,15.722521841526031,0.6826086956521739,0.009974706298691034,0.11217391304347826,0.39739130434782605
Feature_905,8.24440684914589,0.28,0.015838143865979114,0.5139130434782608,0.39695652173913043
Feature_548,10.950528979301453,0.4391304347826087,0.01448578114941334,0.35043478260869565,0.3947826086956522
Feature_920,14.018668115139008,0.6034782608695652,0.011611363518536106,0.18521739130434783,0.3943478260869565
Feature_386,4.9802000522613525,0.11826086956521739,0.01725599465241164,0.6678260869565218,0.3930434782608696
Feature_988,15.793621003627777,0.688695652173913,0.009314857346036034,0.09739130434782609,0.39304347826086955
Feature_485,18.001578092575073,0.7747826086956522,0.006001852306564893,0.009565217391304347,0.39217391304347826
Feature_554,7.244839072227478,0.22782608695652173,0.016096326426578746,0.551304347826087,0.38956521739130434
Feature_367,11.888036012649536,0.48869565217391303,0.013794671417592119,0.28956521739130436,0.38913043478260867
Feature_186,16.377417147159576,0.7086956521739131,0.008706482930805231,0.06869565217391305,0.38869565217391305
Feature_741,3.4309589862823486,0.06869565217391305,0.017664318660549214,0.7069565217391305,0.38782608695652177
Feature_138,14.847270786762238,0.6408695652173914,0.010401811067595542,0.13304347826086957,0.3869565217391305
Feature_90,9.578643918037415,0.35043478260869565,0.015179795432006574,0.42,0.38521739130434784
Feature_843,13.570028960704803,0.5791304347826087,0.01171771163712228,0.19043478260869565,0.3847826086956522
Feature_745,3.889045000076294,0.08521739130434783,0.01735492177157254,0.6834782608695652,0.3843478260869565
Feature_907,7.5391470193862915,0.2391304347826087,0.01591717980406131,0.528695652173913,0.38391304347826083
Feature_358,7.880851864814758,0.2608695652173913,0.01578407751675632,0.5060869565217392,0.38347826086956527
Feature_14,8.621381103992462,0.30521739130434783,0.015493706829285896,0.4608695652173913,0.3830434782608696
Feature_770,4.0840699672698975,0.08956521739130435,0.017304309168423838,0.6739130434782609,0.3817391304347826
Feature_897,7.621123015880585,0.2426086956521739,0.01586359276512588,0.52,0.38130434782608696
Feature_218,16.669813871383667,0.7260869565217392,0.007461270258944085,0.034782608695652174,0.3804347826086957
Feature_438,15.593817114830017,0.6765217391304348,0.008966936951076455,0.0817391304347826,0.3791304347826087
Feature_245,17.218187928199768,0.7460869565217392,0.006025230082358725,0.011304347826086957,0.37869565217391304
Feature_933,10.106850981712341,0.3826086956521739,0.014742451753552372,0.3734782608695652,0.3780434782608696
Feature_234,15.379207193851471,0.6643478260869565,0.009131777944090227,0.09043478260869565,0.3773913043478261
Feature_960,8.855520009994507,0.31565217391304345,0.015345954480931375,0.4391304347826087,0.3773913043478261
Feature_766,6.823302984237671,0.20173913043478262,0.0161030098103432,0.5530434782608695,0.3773913043478261
Feature_173,15.439945966005325,0.6704347826086956,0.008977275434132879,0.08347826086956522,0.3769565217391304
Feature_119,14.921289205551147,0.6434782608695652,0.009652979929538213,0.10869565217391304,0.3760869565217391
Feature_232,12.439408779144287,0.5156521739130435,0.012661941847313963,0.23565217391304347,0.3756521739130435
Feature_459,14.41735178232193,0.6217391304347826,0.010337691134983056,0.12956521739130436,0.37565217391304345
Feature_893,9.726888060569763,0.3591304347826087,0.01486701678525549,0.391304347826087,0.37521739130434784
Feature_740,8.350710034370422,0.29043478260869565,0.015484374175807732,0.4582608695652174,0.3743478260869565
Feature_971,9.23720395565033,0.33304347826086955,0.015062753503640338,0.4152173913043478,0.37413043478260866
Feature_445,12.964171826839447,0.5443478260869565,0.011981018621401935,0.20347826086956522,0.3739130434782609
Feature_545,10.719183087348938,0.4217391304347826,0.01416647133493666,0.3234782608695652,0.3726086956521739
Feature_1084,14.81259697675705,0.6373913043478261,0.00961692042150372,0.10608695652173913,0.3717391304347826
Feature_257,10.87116014957428,0.43217391304347824,0.014055081466117392,0.31043478260869567,0.37130434782608696
Feature_121,14.623190820217133,0.6295652173913043,0.010009777925606188,0.11304347826086956,0.37130434782608696
Feature_389,6.426484048366547,0.18695652173913044,0.01610793329455725,0.5539130434782609,0.37043478260869567
Feature_415,8.519102811813354,0.2991304347826087,0.01536750900113494,0.4408695652173913,0.37
Feature_534,6.836296051740646,0.2026086956521739,0.015969681989088224,0.5373913043478261,0.37
Feature_157,16.53913789987564,0.7191304347826087,0.0065864585635648076,0.018260869565217393,0.3686956521739131
Feature_625,4.741684973239899,0.11391304347826087,0.016739535949039364,0.6226086956521739,0.3682608695652174
Feature_272,15.863680064678192,0.691304347826087,0.007875309412594388,0.04521739130434783,0.3682608695652174
Feature_183,16.120960235595703,0.7026086956521739,0.007372322657330266,0.03304347826086956,0.36782608695652175
Feature_1106,5.1457160115242,0.12521739130434784,0.016630807209459877,0.6104347826086957,0.36782608695652175
Feature_628,5.427000045776367,0.13217391304347825,0.016562652159071576,0.6017391304347826,0.3669565217391304
Feature_895,1.5470900535583496,0.028695652173913042,0.017555556134567694,0.6991304347826087,0.36391304347826087
Feature_599,2.639930009841919,0.04521739130434783,0.017345443171275184,0.6808695652173913,0.3630434782608696
Feature_288,12.486003994941711,0.52,0.011991495350853454,0.20434782608695654,0.3621739130434783
Feature_418,12.384678065776825,0.5139130434782608,0.012207187486829372,0.21043478260869566,0.36217391304347823
Feature_559,9.061558902263641,0.3278260869565217,0.01492615599994262,0.39565217391304347,0.36173913043478256
Feature_560,6.7042219042778015,0.1973913043478261,0.015897963309340745,0.5260869565217391,0.36173913043478256
Feature_204,14.750610172748566,0.6339130434782608,0.009093441522488938,0.08956521739130435,0.36173913043478256
Feature_175,14.53184425830841,0.6260869565217392,0.00930162848204549,0.09652173913043478,0.361304347826087
Feature_346,9.597460091114044,0.3521739130434783,0.014713860618534517,0.37043478260869567,0.361304347826087
Feature_954,11.20102995634079,0.45304347826086955,0.01345410500589603,0.26956521739130435,0.36130434782608695
Feature_983,12.569210052490234,0.5269565217391304,0.011785162540850776,0.19304347826086957,0.36
Feature_318,10.084946036338806,0.38173913043478264,0.01430663827060377,0.33652173913043476,0.3591304347826087
Feature_525,10.297266960144043,0.39565217391304347,0.014153848443289922,0.3217391304347826,0.358695652173913
Feature_617,10.344435930252075,0.4,0.014097490015338991,0.3165217391304348,0.3582608695652174
Feature_230,13.726804852485657,0.5843478260869566,0.010372986875736349,0.13217391304347825,0.3582608695652174
Feature_820,9.232809007167816,0.33217391304347826,0.014814505696904807,0.3834782608695652,0.35782608695652174
Feature_768,3.1939080357551575,0.06,0.017057165722987152,0.6539130434782608,0.3569565217391304
Feature_133,14.986070811748505,0.6478260869565218,0.008537197679550254,0.06434782608695652,0.35608695652173916
Feature_291,15.848237931728363,0.6904347826086956,0.006849388862572747,0.021739130434782608,0.3560869565217391
Feature_991,11.330357074737549,0.4591304347826087,0.013037298698510391,0.25217391304347825,0.3556521739130435
Feature_494,12.303603053092957,0.5060869565217392,0.011993443073136774,0.20521739130434782,0.3556521739130435
Feature_1032,10.147878110408783,0.38608695652173913,0.014166800706354234,0.3243478260869565,0.3552173913043478
Feature_865,10.983682006597519,0.4426086956521739,0.013352024781131788,0.2678260869565217,0.3552173913043478
Feature_182,13.98670008778572,0.5991304347826087,0.009477467232924988,0.10347826086956521,0.351304347826087
Feature_780,7.17862606048584,0.2252173913043478,0.01560771114676142,0.4756521739130435,0.35043478260869565
Feature_276,15.378660827875137,0.6634782608695652,0.007485804588476688,0.036521739130434785,0.35
Feature_842,10.783824145793915,0.4260869565217391,0.013517874706429655,0.27304347826086955,0.3495652173913043
Feature_1144,6.335631936788559,0.18,0.015860238932963632,0.5182608695652174,0.34913043478260875
Feature_228,13.434702038764954,0.568695652173913,0.010325687905239049,0.12869565217391304,0.3486956521739131
Feature_210,8.60661405324936,0.3034782608695652,0.014896057240076985,0.39304347826086955,0.3482608695652174
Feature_333,7.125454962253571,0.22086956521739132,0.015567443285371421,0.46956521739130436,0.3452173913043478
Feature_932,9.28427106142044,0.3356521739130435,0.014522745551332249,0.35391304347826086,0.34478260869565214
Feature_1083,15.209316939115524,0.6582608695652173,0.0071422906156987055,0.028695652173913042,0.3434782608695652
Feature_316,9.442921996116638,0.34347826086956523,0.014361853696451899,0.3417391304347826,0.3426086956521739
Feature_28,11.091030955314636,0.44521739130434784,0.012767083457033935,0.2391304347826087,0.3421739130434783
Feature_973,5.686668008565903,0.14956521739130435,0.015961839402451182,0.5347826086956522,0.3421739130434783
Feature_30,9.838460981845856,0.3660869565217391,0.01409997069871662,0.3173913043478261,0.3417391304347826
Feature_1130,11.856957972049713,0.48695652173913045,0.011798197199323292,0.19478260869565217,0.3408695652173913
Feature_202,13.765694051980972,0.5869565217391305,0.009220288801745765,0.09478260869565218,0.3408695652173913
Feature_116,12.104273021221161,0.4965217391304348,0.011606564072642506,0.18434782608695652,0.34043478260869564
Feature_1063,15.534003019332886,0.6739130434782609,0.005611403669317757,0.004347826086956522,0.3391304347826087
Feature_925,9.476163923740387,0.348695652173913,0.014210240862039869,0.32869565217391306,0.33869565217391306
Feature_939,3.804850995540619,0.0808695652173913,0.016520707906420646,0.5956521739130435,0.3382608695652174
Feature_428,12.625405013561249,0.5278260869565218,0.010718441930071654,0.14782608695652175,0.3378260869565218
Feature_924,6.331820964813232,0.1791304347826087,0.01574158033550338,0.49130434782608695,0.3352173913043478
Feature_958,10.937054932117462,0.43826086956521737,0.012601279135458289,0.23130434782608697,0.3347826086956522
Feature_964,7.022272169589996,0.21478260869565216,0.015474611115645881,0.4547826086956522,0.3347826086956522
Feature_734,7.607609987258911,0.2417391304347826,0.015240432733374139,0.42695652173913046,0.3343478260869565
Feature_1082,11.717053055763245,0.4817391304347826,0.011645190940375407,0.18695652173913044,0.3343478260869565
Feature_858,11.130775064229965,0.4469565217391304,0.0123968765943029,0.2217391304347826,0.3343478260869565
Feature_542,10.3542560338974,0.4008695652173913,0.013343385908908887,0.2669565217391304,0.3339130434782609
Feature_978,8.27547287940979,0.2826086956521739,0.014832865679249262,0.38521739130434784,0.3339130434782609
Feature_601,4.0039010643959045,0.08782608695652173,0.0163435272541037,0.58,0.33391304347826084
Feature_894,8.631613969802856,0.3060869565217391,0.014593350266104624,0.36086956521739133,0.3334782608695652
Feature_344,7.318162977695465,0.22869565217391305,0.015325558266062344,0.4356521739130435,0.33217391304347826
Feature_322,5.874889850616455,0.15565217391304348,0.015809859509804434,0.508695652173913,0.3321739130434782
Feature_216,13.26073095202446,0.5591304347826087,0.00946555307546837,0.10260869565217391,0.3308695652173913
Feature_594,1.0804500579833984,0.02434782608695652,0.01690099293797416,0.6365217391304347,0.33043478260869563
Feature_568,7.626132071018219,0.24347826086956523,0.015159660905388202,0.41739130434782606,0.33043478260869563
Feature_992,6.872580885887146,0.20608695652173914,0.015471772573153115,0.4539130434782609,0.33
Feature_177,13.30592292547226,0.5626086956521739,0.009241087954623146,0.09565217391304348,0.32913043478260867
Feature_114,13.504251837730408,0.5730434782608695,0.008989681497912792,0.08434782608695653,0.32869565217391306
Feature_1011,10.87833097577095,0.4330434782608696,0.012433036782024941,0.22260869565217392,0.32782608695652177
Feature_953,10.44180303812027,0.40869565217391307,0.012888147609393096,0.24695652173913044,0.32782608695652177
Feature_648,3.2780970335006714,0.06347826086956522,0.016483517592787263,0.5921739130434782,0.3278260869565217
Feature_349,9.451413989067078,0.3452173913043478,0.014019151924542709,0.30695652173913046,0.32608695652173914
Feature_937,6.863316893577576,0.20521739130434782,0.015402812455356171,0.4443478260869565,0.3247826086956522
Feature_40,12.044219970703125,0.4930434782608696,0.010886146375658984,0.15043478260869564,0.32173913043478264
Feature_25,10.198173880577087,0.39043478260869563,0.013044727497591871,0.2530434782608696,0.32173913043478264
Feature_624,3.4227590560913086,0.06782608695652174,0.01626861073559303,0.5721739130434783,0.32
Feature_13,9.015644967556,0.3243478260869565,0.014086495275974047,0.3139130434782609,0.3191304347826087
Feature_292,12.328299880027771,0.5104347826086957,0.010174556533082713,0.12521739130434784,0.31782608695652176
Feature_754,0.7390869855880737,0.019130434782608695,0.016668376984069564,0.6165217391304347,0.3178260869565217
Feature_139,13.197637110948563,0.5582608695652174,0.008792945655451979,0.07478260869565218,0.3165217391304348
Feature_150,13.155236780643463,0.5556521739130434,0.008841743272442113,0.07739130434782608,0.31652173913043474
Feature_310,0.6609179973602295,0.017391304347826087,0.01664930699921282,0.6130434782608696,0.31521739130434784
Feature_823,9.681513011455536,0.3565217391304348,0.013477531243960079,0.27043478260869563,0.3134782608695652
Feature_375,8.663254022598267,0.30782608695652175,0.01410230132165924,0.3182608695652174,0.31304347826086953
Feature_866,8.879386067390442,0.3173913043478261,0.014025967116936088,0.30869565217391304,0.31304347826086953
Feature_874,10.608624935150146,0.4156521739130435,0.012129671298724942,0.20869565217391303,0.31217391304347825
Feature_449,10.305618911981583,0.3982608695652174,0.01244729434121924,0.22434782608695653,0.31130434782608696
Feature_871,7.626718997955322,0.24434782608695652,0.014773659887688499,0.3782608695652174,0.31130434782608696
Feature_986,9.807660102844238,0.3652173913043478,0.013124587580706474,0.2565217391304348,0.3108695652173913
Feature_231,13.284779787063599,0.5608695652173913,0.008356735305162514,0.058260869565217394,0.3095652173913043
Feature_906,5.461310982704163,0.1356521739130435,0.015664998710768877,0.4826086956521739,0.3091304347826087
Feature_269,14.050877809524536,0.6052173913043478,0.006355708279438041,0.013043478260869565,0.3091304347826087
Feature_187,13.8523491024971,0.591304347826087,0.006987438080134948,0.025217391304347827,0.3082608695652174
Feature_867,13.005302906036377,0.5460869565217391,0.00871260683204207,0.07043478260869565,0.30826086956521737
Feature_1033,10.457581967115402,0.40956521739130436,0.012008422180928367,0.20608695652173914,0.30782608695652175
Feature_501,11.73346221446991,0.4834782608695652,0.010342760981086076,0.13043478260869565,0.3069565217391304
Feature_910,6.486809968948364,0.18869565217391304,0.015202706284111765,0.4217391304347826,0.30521739130434783
Feature_275,13.821309864521027,0.5895652173913043,0.006804184882941706,0.020869565217391306,0.3052173913043478
Feature_174,11.935479164123535,0.49043478260869566,0.010066120574138835,0.11739130434782609,0.30391304347826087
Feature_452,8.3399298787117,0.28956521739130436,0.014091771784739228,0.31565217391304345,0.3026086956521739
Feature_463,11.266075029969215,0.45652173913043476,0.010629151114669257,0.1443478260869565,0.3004347826086956
Feature_263,10.301325976848602,0.39652173913043476,0.0118863591637223,0.2,0.29826086956521736
Feature_33,7.996831953525543,0.26956521739130435,0.014182208673988787,0.32608695652173914,0.29782608695652174
Feature_353,6.226716041564941,0.17217391304347826,0.01521075717147211,0.4234782608695652,0.29782608695652174
Feature_1055,6.500288009643555,0.18956521739130436,0.014985335896542691,0.40608695652173915,0.29782608695652174
Feature_411,12.172315001487732,0.5026086956521739,0.009154229529565992,0.09217391304347826,0.29739130434782607
Feature_916,8.105628967285156,0.27391304347826084,0.01415345315700692,0.3208695652173913,0.29739130434782607
Feature_1132,12.040190994739532,0.49217391304347824,0.009456208618861183,0.10173913043478261,0.29695652173913045
Feature_455,11.726936995983124,0.4826086956521739,0.009965091712826477,0.11130434782608696,0.29695652173913045
Feature_16,8.53279995918274,0.3008695652173913,0.013813309604049757,0.29130434782608694,0.2960869565217391
Feature_410,11.920914947986603,0.4895652173913044,0.009370520656785692,0.1,0.2947826086956522
Feature_360,5.673797070980072,0.14782608695652175,0.015380660948081706,0.44173913043478263,0.2947826086956522
Feature_110,11.104675114154816,0.44608695652173913,0.010628024303726114,0.14347826086956522,0.2947826086956522
Feature_567,5.100551962852478,0.12347826086956522,0.015514143865597265,0.46347826086956523,0.29347826086956524
Feature_550,8.32159799337387,0.28608695652173916,0.013904578008869845,0.3,0.29304347826086957
Feature_592,2.126462996006012,0.03739130434782609,0.01606676959213132,0.5478260869565217,0.2926086956521739
Feature_1054,6.796063005924225,0.2,0.014817426061252434,0.3843478260869565,0.2921739130434783
Feature_299,4.9136199951171875,0.11739130434782609,0.015520105402137895,0.4652173913043478,0.29130434782608694
Feature_320,5.756830990314484,0.15043478260869564,0.015261240996138301,0.4295652173913043,0.29
Feature_844,10.367125034332275,0.4017391304347826,0.011377792870419828,0.17478260869565218,0.2882608695652174
Feature_37,9.19512403011322,0.331304347826087,0.01285793952890025,0.24434782608695652,0.28782608695652173
Feature_462,10.08013117313385,0.3808695652173913,0.011786208826654354,0.19391304347826088,0.2873913043478261
Feature_549,6.381465971469879,0.1817391304347826,0.014893983126681287,0.39217391304347826,0.28695652173913044
Feature_271,13.137798011302948,0.5539130434782609,0.0067108055132336095,0.02,0.28695652173913044
Feature_156,11.212991863489151,0.4539130434782609,0.010099262816898937,0.1191304347826087,0.28652173913043477
Feature_125,12.255120038986206,0.5043478260869565,0.008633985099366843,0.06521739130434782,0.28478260869565214
Feature_1060,13.29603898525238,0.5617391304347826,0.005663978404560013,0.00608695652173913,0.2839130434782609
Feature_24,7.978471875190735,0.2669565217391304,0.013906002984874181,0.3008695652173913,0.28391304347826085
Feature_32,5.947718918323517,0.1582608695652174,0.01496068244225339,0.4017391304347826,0.28
Feature_586,5.594826877117157,0.14521739130434783,0.015049435772862286,0.41304347826086957,0.2791304347826087
Feature_552,3.4124340415000916,0.06695652173913043,0.015727704097647805,0.4895652173913044,0.2782608695652174
Feature_425,9.443314969539642,0.3443478260869565,0.01222419426088812,0.21217391304347827,0.2782608695652174
Feature_926,1.0573400259017944,0.023478260869565216,0.015935940878391425,0.5313043478260869,0.27739130434782605
Feature_176,10.031951069831848,0.37565217391304345,0.011467357260829224,0.1782608695652174,0.27695652173913043
Feature_896,3.4914249777793884,0.07043478260869565,0.015648217950022476,0.4817391304347826,0.27608695652173915
Feature_723,5.499543011188507,0.13826086956521738,0.01502902604142225,0.41130434782608694,0.2747826086956522
Feature_974,6.988811016082764,0.21391304347826087,0.014299822812333739,0.3356521739130435,0.2747826086956522
Feature_731,1.929955005645752,0.03304347826086956,0.015836021457212076,0.5130434782608696,0.2730434782608696
Feature_285,12.148459792137146,0.5,0.00789990332031644,0.04608695652173913,0.27304347826086955
Feature_570,7.082629054784775,0.21913043478260869,0.014182243957590974,0.3269565217391304,0.27304347826086955
Feature_422,8.706264972686768,0.31130434782608696,0.012660861751712167,0.23478260869565218,0.27304347826086955
Feature_152,10.757932960987091,0.4234782608695652,0.010135633375693719,0.12173913043478261,0.2726086956521739
Feature_979,0.0,0.00826086956521739,0.015966163728972863,0.5365217391304348,0.2723913043478261
Feature_585,5.541784048080444,0.14173913043478262,0.014947598077056614,0.3991304347826087,0.27043478260869563
Feature_595,6.009850025177002,0.1634782608695652,0.014746539329277178,0.37565217391304345,0.26956521739130435
Feature_946,0.0,0.00826086956521739,0.01593544279590545,0.5304347826086957,0.26934782608695657
Feature_944,0.0,0.00826086956521739,0.015925246955363077,0.5295652173913044,0.2689130434782609
Feature_464,12.157636165618896,0.5017391304347826,0.007479840469727378,0.035652173913043476,0.268695652173913
Feature_884,6.894907891750336,0.20869565217391303,0.01418777472950596,0.3278260869565217,0.2682608695652174
Feature_225,12.022982954978943,0.49130434782608695,0.007860403160627624,0.04434782608695652,0.2678260869565217
Feature_590,5.436995029449463,0.13304347826086957,0.014965348888089123,0.4026086956521739,0.2678260869565217
Feature_945,0.0,0.00826086956521739,0.015899371992830022,0.5269565217391304,0.26760869565217393
Feature_579,3.218634009361267,0.06086956521739131,0.01559934704754876,0.47391304347826085,0.2673913043478261
Feature_969,3.3534098863601685,0.06608695652173913,0.015567438448248103,0.46869565217391307,0.2673913043478261
Feature_551,6.084649980068207,0.16869565217391305,0.014618056855294003,0.3652173913043478,0.2669565217391304
Feature_434,9.63970685005188,0.35478260869565215,0.011369271395806279,0.17391304347826086,0.2643478260869565
Feature_587,3.730239987373352,0.07652173913043478,0.015426736182230245,0.45130434782608697,0.2639130434782609
Feature_540,5.417433857917786,0.13130434782608696,0.014928954852246084,0.39652173913043476,0.26391304347826083
Feature_558,4.772131025791168,0.11478260869565217,0.015048790739887784,0.4121739130434783,0.2634782608695652
Feature_236,8.472993075847626,0.29478260869565215,0.012570446624410491,0.23043478260869565,0.26260869565217393
Feature_543,7.698629021644592,0.24782608695652175,0.013603755434317405,0.27652173913043476,0.26217391304347826
Feature_109,12.488735020160675,0.5208695652173913,0.005511641147630484,0.0034782608695652175,0.26217391304347826
Feature_145,10.262435972690582,0.3947826086956522,0.010195369179254217,0.12608695652173912,0.2604347826086957
Feature_293,0.6344709992408752,0.01652173913043478,0.015757677832259703,0.5034782608695653,0.26
Feature_427,7.153047025203705,0.22260869565217392,0.013855426600745461,0.29391304347826086,0.2582608695652174
Feature_308,3.6249030232429504,0.07391304347826087,0.015387393735653506,0.4426086956521739,0.2582608695652174
Feature_307,3.1465929746627808,0.058260869565217394,0.015483476662624581,0.4573913043478261,0.25782608695652176
Feature_302,7.829561948776245,0.2565217391304348,0.013130342627813488,0.2573913043478261,0.2569565217391304
Feature_223,11.7395538687706,0.48434782608695653,0.007155554666098558,0.029565217391304348,0.2569565217391304
Feature_743,5.675120055675507,0.14869565217391303,0.01460719485987491,0.36434782608695654,0.2565217391304348
Feature_742,5.969076931476593,0.16,0.014503117767739306,0.3521739130434783,0.25608695652173913
Feature_962,6.0663610100746155,0.16695652173913045,0.014385418769552617,0.3443478260869565,0.2556521739130435
Feature_899,3.8840889930725098,0.08434782608695653,0.015219095414908223,0.42434782608695654,0.25434782608695655
Feature_1002,7.126862049102783,0.2217391304347826,0.013713986173668681,0.28695652173913044,0.2543478260869565
Feature_918,4.1676459312438965,0.09217391304347826,0.015060267046791451,0.41391304347826086,0.25304347826086954
Feature_1041,0.0,0.00826086956521739,0.015748232549567216,0.4969565217391304,0.2526086956521739
Feature_1043,0.0,0.00826086956521739,0.015748232549567216,0.4969565217391304,0.2526086956521739
Feature_1044,0.0,0.00826086956521739,0.015748232549567216,0.4969565217391304,0.2526086956521739
Feature_1040,0.0,0.00826086956521739,0.015748232549567216,0.4969565217391304,0.2526086956521739
Feature_1039,0.0,0.00826086956521739,0.015748232549567216,0.4969565217391304,0.2526086956521739
Feature_1042,0.0,0.00826086956521739,0.015748232549567216,0.4969565217391304,0.2526086956521739
Feature_1037,0.0,0.00826086956521739,0.015748232549567216,0.4969565217391304,0.2526086956521739
Feature_1038,0.0,0.00826086956521739,0.015748232549567216,0.4969565217391304,0.2526086956521739
Feature_1078,0.0,0.00826086956521739,0.015748232549567216,0.4969565217391304,0.2526086956521739
Feature_1076,0.0,0.00826086956521739,0.015748232549567216,0.4969565217391304,0.2526086956521739
Feature_1079,0.0,0.00826086956521739,0.015748232549567216,0.4969565217391304,0.2526086956521739
Feature_1077,0.0,0.00826086956521739,0.015748232549567216,0.4969565217391304,0.2526086956521739
Feature_301,5.36069792509079,0.12956521739130436,0.014743962560150781,0.37478260869565216,0.25217391304347825
Feature_42,7.208027958869934,0.22695652173913045,0.013594168767235397,0.2747826086956522,0.25086956521739134
Feature_908,2.8785499334335327,0.051304347826086956,0.01542017122626036,0.4504347826086956,0.2508695652173913
Feature_319,6.717879891395569,0.19826086956521738,0.013908486751186229,0.3017391304347826,0.25
Feature_856,4.281910002231598,0.09652173913043478,0.014950713496930654,0.4008695652173913,0.24869565217391304
Feature_321,4.145493924617767,0.09130434782608696,0.014981269066161882,0.4052173913043478,0.24826086956521737
Feature_207,7.689011991024017,0.24695652173913044,0.012909257238879016,0.24782608695652175,0.24739130434782608
Feature_273,11.366109013557434,0.4617391304347826,0.007355579111693152,0.03217391304347826,0.24695652173913044
Feature_159,6.416091978549957,0.18608695652173912,0.013943045869193095,0.30521739130434783,0.24565217391304348
Feature_215,11.376570045948029,0.4643478260869565,0.006994012495933135,0.02608695652173913,0.24521739130434783
Feature_721,6.406317949295044,0.18434782608695652,0.013989650586044436,0.3060869565217391,0.24521739130434783
Feature_591,3.218706965446472,0.06173913043478261,0.015238035329144044,0.4260869565217391,0.24391304347826087
Feature_163,9.040993988513947,0.32608695652173914,0.01115653796240326,0.16,0.24304347826086958
Feature_584,7.836613178253174,0.2573913043478261,0.012500437701911192,0.22782608695652173,0.2426086956521739
Feature_588,5.539951980113983,0.1408695652173913,0.014381833352826036,0.34347826086956523,0.24217391304347827
Feature_1138,11.600703865289688,0.4756521739130435,0.004965399553488061,0.0017391304347826088,0.23869565217391306
Feature_1081,11.551168143749237,0.47304347826086957,0.0037749086220637477,0.0008695652173913044,0.23695652173913043
Feature_180,9.45562806725502,0.34608695652173915,0.010195410216802675,0.12695652173913044,0.23652173913043478
Feature_306,2.3841130137443542,0.0391304347826087,0.015282975229377114,0.43130434782608695,0.23521739130434782
Feature_900,1.047379970550537,0.022608695652173914,0.015409535113296697,0.4469565217391304,0.23478260869565218
Feature_135,9.384476959705353,0.3417391304347826,0.01026525198438833,0.12782608695652173,0.23478260869565215
Feature_27,7.820907890796661,0.25565217391304346,0.012230988851191456,0.21304347826086956,0.2343478260869565
Feature_19,6.377030998468399,0.1808695652173913,0.013633118659719702,0.28347826086956524,0.23217391304347829
Feature_467,10.240763068199158,0.391304347826087,0.008723285112350983,0.07217391304347825,0.23173913043478261
Feature_875,7.700575977563858,0.24869565217391304,0.012254199961347597,0.21391304347826087,0.23130434782608694
Feature_942,7.482654869556427,0.23565217391304347,0.012475953133393242,0.22608695652173913,0.2308695652173913
Feature_1062,6.938942909240723,0.21217391304347827,0.012936995890915638,0.24869565217391304,0.23043478260869565
Feature_469,7.887598991394043,0.2617391304347826,0.011879838982128426,0.1991304347826087,0.23043478260869565
Feature_1001,9.442496001720428,0.3426086956521739,0.010085398388882881,0.11826086956521739,0.23043478260869565
Feature_304,4.498889923095703,0.10956521739130434,0.014497250500818407,0.35130434782608694,0.23043478260869565
Feature_222,9.64027613401413,0.3556521739130435,0.009486474545167945,0.10434782608695652,0.23
Feature_421,9.33119112253189,0.34,0.010117260564431248,0.12,0.23
Feature_22,8.112217962741852,0.2747826086956522,0.011587437883148621,0.1808695652173913,0.22782608695652173
Feature_892,2.6019240617752075,0.04434782608695652,0.015012903538937387,0.41043478260869565,0.2273913043478261
Feature_522,7.788712978363037,0.2530434782608696,0.011908694862262708,0.2008695652173913,0.22695652173913045
Feature_901,1.09211003780365,0.025217391304347827,0.015241803698216719,0.42782608695652175,0.22652173913043477
Feature_898,4.879186987876892,0.11652173913043479,0.014296436273924757,0.3347826086956522,0.22565217391304349
Feature_270,10.435462176799774,0.4078260869565217,0.007819910328130373,0.042608695652173914,0.2252173913043478
Feature_122,9.730517029762268,0.36086956521739133,0.00908930211091826,0.08869565217391304,0.2247826086956522
Feature_178,9.461516052484512,0.34782608695652173,0.009355834823084507,0.09913043478260869,0.2234782608695652
Feature_943,0.0,0.00826086956521739,0.015342586885528971,0.43826086956521737,0.22326086956521737
Feature_887,8.224982976913452,0.2791304347826087,0.011254990756109253,0.16608695652173913,0.2226086956521739
Feature_841,9.84274810552597,0.36782608695652175,0.008812430036968395,0.07652173913043478,0.22217391304347828
Feature_220,9.971005737781525,0.3730434782608696,0.008696209383168363,0.06782608695652174,0.22043478260869567
Feature_739,4.450107932090759,0.10869565217391304,0.01426161555284981,0.33217391304347826,0.22043478260869565
Feature_902,0.9413879811763763,0.021739130434782608,0.015166293410223412,0.4182608695652174,0.22
Feature_757,2.319484055042267,0.03826086956521739,0.014936313320789088,0.3973913043478261,0.21782608695652175
Feature_593,1.6979080438613892,0.030434782608695653,0.014979231853120535,0.4043478260869565,0.21739130434782608
Feature_719,5.84324312210083,0.15391304347826087,0.013604628246721784,0.2773913043478261,0.21565217391304348
Feature_420,7.446059942245483,0.23391304347826086,0.011817416486500948,0.1956521739130435,0.2147826086956522
Feature_149,10.396484911441803,0.40608695652173915,0.0068642691332289245,0.022608695652173914,0.21434782608695654
Feature_35,6.242673873901367,0.17304347826086958,0.013089896650078427,0.25565217391304346,0.21434782608695652
Feature_727,4.398473918437958,0.10434782608695652,0.014160980522158507,0.3226086956521739,0.21347826086956523
Feature_553,5.1458420753479,0.12608695652173912,0.013898908809603334,0.2982608695652174,0.21217391304347827
Feature_472,7.8691588044166565,0.2591304347826087,0.011171924456081396,0.1608695652173913,0.21000000000000002
Feature_39,2.86086505651474,0.050434782608695654,0.01471341127068365,0.3695652173913043,0.21
Feature_143,9.59867012500763,0.35304347826086957,0.00869165812521336,0.06695652173913043,0.21
Feature_380,3.5759010314941406,0.07130434782608695,0.014322900276050812,0.3391304347826087,0.20521739130434782
Feature_424,6.861312985420227,0.20434782608695654,0.011914488702935336,0.20173913043478262,0.20304347826086958
Feature_31,6.66751492023468,0.19478260869565217,0.012173641237387248,0.20956521739130435,0.20217391304347826
Feature_822,7.601804971694946,0.24,0.01122429563792544,0.16391304347826086,0.20195652173913042
Feature_744,0.0,0.00826086956521739,0.014901291528126135,0.3947826086956522,0.20152173913043478
Feature_857,3.9714600443840027,0.08608695652173913,0.014079737616778278,0.3126086956521739,0.19934782608695653
Feature_343,4.566495895385742,0.11043478260869566,0.013664420214840581,0.28608695652173916,0.1982608695652174
Feature_205,9.952301025390625,0.37217391304347824,0.006978881157411446,0.02434782608695652,0.19826086956521738
Feature_179,8.896887958049774,0.3182608695652174,0.00889991298117518,0.0782608695652174,0.19826086956521738
Feature_277,9.325595915317535,0.3391304347826087,0.00825286038230997,0.05565217391304348,0.1973913043478261
Feature_198,8.336125016212463,0.28782608695652173,0.00952259206939464,0.10521739130434783,0.19652173913043477
Feature_303,4.188268035650253,0.09304347826086956,0.013901615358818844,0.2991304347826087,0.19608695652173913
Feature_720,0.8155949711799622,0.020869565217391306,0.014686081561742472,0.36869565217391304,0.19478260869565217
Feature_1117,4.236986011266708,0.09391304347826086,0.013847752884312385,0.29304347826086957,0.1934782608695652
Feature_473,8.00987309217453,0.271304347826087,0.0100482308531843,0.11478260869565217,0.19304347826086957
Feature_758,1.303529977798462,0.02782608695652174,0.014564723321639791,0.3582608695652174,0.19304347826086957
Feature_305,4.056309938430786,0.08869565217391304,0.013898663123942357,0.29739130434782607,0.19304347826086954
Feature_26,7.503300070762634,0.2373913043478261,0.010713012450063687,0.14695652173913043,0.19217391304347825
Feature_194,8.336660981178284,0.288695652173913,0.009168992403615796,0.09304347826086956,0.1908695652173913
Feature_203,8.98726999759674,0.3226086956521739,0.008321008152635126,0.05652173913043478,0.18956521739130436
Feature_466,8.486734867095947,0.2982608695652174,0.008929874648333586,0.08,0.18913043478260871
Feature_217,9.043013036251068,0.3269565217391304,0.008055574852850807,0.050434782608695654,0.18869565217391304
Feature_544,2.9108890295028687,0.05304347826086957,0.014133084955173309,0.32,0.1865217391304348
Feature_146,8.30115795135498,0.28347826086956524,0.009063495585758854,0.08608695652173913,0.1847826086956522
Feature_148,5.460615038871765,0.13478260869565217,0.012630621796855254,0.23217391304347826,0.1834782608695652
Feature_141,8.57735002040863,0.3017391304347826,0.008504843638530057,0.06260869565217392,0.18217391304347827
Feature_112,5.277323007583618,0.12869565217391304,0.01264820828906972,0.23391304347826086,0.18130434782608695
Feature_824,6.643971920013428,0.19304347826086957,0.011300195832020197,0.1691304347826087,0.18108695652173912
Feature_1086,6.204852938652039,0.17130434782608694,0.011656016540312258,0.18869565217391304,0.18
Feature_191,8.520296037197113,0.3,0.008454761052302416,0.06,0.18
Feature_589,0.6973879933357239,0.018260869565217393,0.01431932159795849,0.3382608695652174,0.1782608695652174
Feature_582,1.1776649951934814,0.02608695652173913,0.014181697811033097,0.32521739130434785,0.1756521739130435
Feature_120,6.608727931976318,0.19217391304347825,0.011155376755342504,0.1591304347826087,0.17565217391304347
Feature_113,7.998564004898071,0.27043478260869563,0.008901839648761725,0.0791304347826087,0.17478260869565215
Feature_730,3.434735953807831,0.06956521739130435,0.0136175690803963,0.2791304347826087,0.1743478260869565
Feature_34,3.988123059272766,0.08695652173913043,0.013163524043251119,0.26,0.17347826086956522
Feature_193,7.441192030906677,0.23304347826086957,0.010045799843996018,0.11391304347826087,0.17347826086956522
Feature_381,6.886876106262207,0.20695652173913043,0.010494058091697522,0.1391304347826087,0.17304347826086958
Feature_407,9.260984003543854,0.3339130434782609,0.005920206569413213,0.008695652173913044,0.17130434782608697
Feature_845,3.8178200721740723,0.0817391304347826,0.013211843743666922,0.2608695652173913,0.17130434782608694
Feature_201,7.709373950958252,0.24956521739130436,0.009142891144776871,0.09130434782608696,0.17043478260869566
Feature_233,7.372561931610107,0.23043478260869565,0.0096365168688902,0.10782608695652174,0.1691304347826087
Feature_265,4.357029020786285,0.10086956521739131,0.012674015888507627,0.23652173913043478,0.16869565217391305
Feature_470,8.477459073066711,0.2956521739130435,0.00751613116800506,0.03739130434782609,0.16652173913043478
Feature_580,1.972823977470398,0.03391304347826087,0.013885084253752268,0.2965217391304348,0.16521739130434782
Feature_756,1.2044199705123901,0.026956521739130435,0.01392354041951851,0.3034782608695652,0.16521739130434782
Feature_227,8.702177941799164,0.31043478260869567,0.006689257874660827,0.019130434782608695,0.16478260869565217
Feature_460,7.909928977489471,0.2634782608695652,0.008648983173253175,0.06608695652173913,0.16478260869565217
Feature_725,3.068252980709076,0.05565217391304348,0.01351208123968832,0.27217391304347827,0.16391304347826088
Feature_124,5.265757083892822,0.12782608695652173,0.011851469091015436,0.1973913043478261,0.1626086956521739
Feature_140,5.457642912864685,0.13391304347826086,0.011645642296661148,0.18782608695652173,0.1608695652173913
Feature_839,5.803339958190918,0.15217391304347827,0.011300195832020197,0.1691304347826087,0.16065217391304348
Feature_963,2.036006987094879,0.034782608695652174,0.013663180537207532,0.2852173913043478,0.16
Feature_137,5.979854941368103,0.1617391304347826,0.011072760606782415,0.15478260869565216,0.1582608695652174
Feature_151,7.92036098241806,0.26608695652173914,0.008017099667548398,0.04782608695652174,0.15695652173913044
Feature_546,2.800535023212433,0.04869565217391304,0.013243874452500824,0.2617391304347826,0.1552173913043478
Feature_229,8.486073970794678,0.29739130434782607,0.0060067023972427795,0.010434782608695653,0.15391304347826085
Feature_738,3.747119903564453,0.07739130434782608,0.012541799724882676,0.22956521739130434,0.1534782608695652
Feature_111,8.159477949142456,0.27652173913043476,0.007246492063178104,0.030434782608695653,0.1534782608695652
Feature_36,3.864146053791046,0.08347826086956522,0.012283862162126132,0.2165217391304348,0.15000000000000002
Feature_729,3.3242499828338623,0.06521739130434782,0.012637305054059219,0.23304347826086957,0.1491304347826087
Feature_190,6.19220507144928,0.17043478260869566,0.01017143559199613,0.12434782608695652,0.1473913043478261
Feature_408,5.0729100704193115,0.12173913043478261,0.011267361405179465,0.16695652173913045,0.14434782608695654
Feature_377,3.784241020679474,0.0791304347826087,0.012094475033478545,0.20782608695652174,0.14347826086956522
Feature_289,6.655600070953369,0.19391304347826088,0.00897267122806319,0.08260869565217391,0.13826086956521738
Feature_886,4.658414840698242,0.11217391304347826,0.01121796948172389,0.1617391304347826,0.13695652173913042
Feature_195,7.3423120975494385,0.22956521739130434,0.0076142283592318,0.04,0.13478260869565217
Feature_528,2.906808018684387,0.05217391304347826,0.012365974146642264,0.21739130434782608,0.13478260869565217
Feature_432,7.603875905275345,0.2408695652173913,0.007052269425880711,0.026956521739130435,0.13391304347826088
Feature_23,4.446538984775543,0.10782608695652174,0.010807343687781322,0.14869565217391303,0.12826086956521737
Feature_290,6.317514002323151,0.17739130434782607,0.00878639069729788,0.07391304347826087,0.12565217391304348
Feature_171,6.820034146308899,0.2008695652173913,0.008028267247471346,0.04869565217391304,0.12478260869565216
Feature_261,6.4045650362968445,0.18347826086956523,0.008395751489894304,0.059130434782608696,0.12130434782608696
Feature_941,4.8749189376831055,0.11565217391304349,0.010141579266591275,0.12260869565217392,0.11913043478260871
Feature_868,4.308529913425446,0.09739130434782609,0.010445822610623242,0.13652173913043478,0.11695652173913043
Feature_181,7.106083989143372,0.22,0.0062258926595170384,0.01217391304347826,0.11608695652173913
Feature_213,7.061218976974487,0.21565217391304348,0.006373111312725914,0.01391304347826087,0.11478260869565217
Feature_235,6.284549951553345,0.17565217391304347,0.008121274167104701,0.05217391304347826,0.11391304347826087
Feature_888,4.412280023097992,0.10521739130434783,0.010132819520326752,0.1208695652173913,0.11304347826086956
Feature_153,6.183700144290924,0.16956521739130434,0.008175284637285209,0.05304347826086957,0.11130434782608695
Feature_446,6.904125928878784,0.20956521739130435,0.005853772368609981,0.00782608695652174,0.10869565217391304
Feature_840,2.815746009349823,0.049565217391304345,0.01122429563792544,0.16391304347826086,0.1067391304347826
Feature_406,1.8341060280799866,0.03217391304347826,0.011580960055105094,0.18,0.10608695652173913
Feature_165,5.971074998378754,0.1608695652173913,0.008046494882986142,0.049565217391304345,0.10521739130434782
Feature_168,3.8423720598220825,0.08260869565217391,0.01014521004687164,0.12347826086956522,0.10304347826086957
Feature_513,4.719324111938477,0.11304347826086956,0.009076984549756978,0.08782608695652173,0.10043478260869565
Feature_170,5.077299952507019,0.12260869565217392,0.008717972558991927,0.07130434782608695,0.09695652173913044
Feature_219,6.3241991102695465,0.1782608695652174,0.006477272924033574,0.01565217391304348,0.09695652173913044
Feature_1058,4.243704974651337,0.09565217391304348,0.00932168265017533,0.09826086956521739,0.09695652173913044
Feature_214,5.195745974779129,0.12695652173913044,0.00847849550569663,0.06086956521739131,0.09391304347826088
Feature_426,2.510830044746399,0.04173913043478261,0.010597239171848493,0.14173913043478262,0.09173913043478261
Feature_1120,6.083716034889221,0.16782608695652174,0.005621259294220944,0.0052173913043478265,0.08652173913043479
Feature_199,4.3661529421806335,0.10260869565217391,0.00871158412237538,0.06956521739130435,0.08608695652173913
Feature_147,4.123834997415543,0.09043478260869565,0.008738179164649272,0.07304347826086957,0.08173913043478262
Feature_465,5.508155941963196,0.1391304347826087,0.00645727769427116,0.014782608695652174,0.07695652173913044
Feature_172,2.5615549087524414,0.043478260869565216,0.009617826655492323,0.10695652173913044,0.07521739130434782
Feature_166,3.264957070350647,0.06260869565217392,0.009069552821863117,0.08695652173913043,0.07478260869565218
Feature_169,2.763853907585144,0.04695652173913043,0.009194738078765667,0.09391304347826086,0.07043478260869565
Feature_274,4.414434015750885,0.10608695652173913,0.007110191282061285,0.02782608695652174,0.06695652173913044
Feature_155,4.337020039558411,0.09913043478260869,0.006955961132093506,0.023478260869565216,0.06130434782608695
Feature_167,3.086754024028778,0.05652173913043478,0.008341710238235366,0.057391304347826085,0.056956521739130433
Feature_154,2.7671250104904175,0.04782608695652174,0.008487640418671012,0.06173913043478261,0.05478260869565217
Feature_197,3.0565279126167297,0.05478260869565217,0.008072171727114698,0.051304347826086956,0.05304347826086957
Feature_115,3.3089209496974945,0.06434782608695652,0.006504373871610785,0.01652173913043478,0.04043478260869565
Feature_471,2.0507290363311768,0.035652173913043476,0.007577135503884961,0.03826086956521739,0.03695652173913043
Feature_461,1.6305960416793823,0.029565217391304348,0.007604737061280929,0.0391304347826087,0.03434782608695652
Feature_287,0.7717959880828857,0.02,0.00796257432847372,0.04695652173913043,0.033478260869565214
