,mean_card_per_moon,median_card_per_moon,cv_card_across_moons,frac_integer,frac_0_or_1,top1_value_freq,entropy_nats,s_lowcard,s_stable,s_integer,s_peaky,s_lowent,industry_score
Feature_1,7.0,7.0,0.0,0.06540823720880505,1.0,0.26984164696658314,1.7367948720530486,0.9747474747474747,1.0,0.06540823720880505,0.26984164696658314,0.7105341879911586,3.1526381902921794
Feature_2,7.0,7.0,0.0,0.06540823720880505,1.0,0.26984164696658314,1.7367948720530486,0.9747474747474747,1.0,0.06540823720880505,0.26984164696658314,0.7105341879911586,3.1526381902921794
Feature_3,7.0,7.0,0.0,0.06540823720880505,1.0,0.26984164696658314,1.7367948720530486,0.9747474747474747,1.0,0.06540823720880505,0.26984164696658314,0.7105341879911586,3.1526381902921794
Feature_4,7.0,7.0,0.0,0.06540823720880505,1.0,0.26984164696658314,1.7367948720530486,0.9747474747474747,1.0,0.06540823720880505,0.26984164696658314,0.7105341879911586,3.1526381902921794
Feature_5,7.0,7.0,0.0,0.06540823720880505,1.0,0.26984164696658314,1.7367948720530486,0.9747474747474747,1.0,0.06540823720880505,0.26984164696658314,0.7105341879911586,3.1526381902921794
Feature_6,7.0,7.0,0.0,0.06540823720880505,1.0,0.26984164696658314,1.7367948720530486,0.9747474747474747,1.0,0.06540823720880505,0.26984164696658314,0.7105341879911586,3.1526381902921794
Feature_7,7.0,7.0,0.0,0.06540823720880505,1.0,0.26984164696658314,1.7367948720530486,0.9747474747474747,1.0,0.06540823720880505,0.26984164696658314,0.7105341879911586,3.1526381902921794
Feature_8,7.0,7.0,0.0,0.06540823720880505,1.0,0.26984164696658314,1.7367948720530486,0.9747474747474747,1.0,0.06540823720880505,0.26984164696658314,0.7105341879911586,3.1526381902921794
Feature_9,7.0,7.0,0.0,0.06540823720880505,1.0,0.26984164696658314,1.7367948720530486,0.9747474747474747,1.0,0.06540823720880505,0.26984164696658314,0.7105341879911586,3.1526381902921794
Feature_10,7.0,7.0,0.0,0.06540823720880505,1.0,0.26984164696658314,1.7367948720530486,0.9747474747474747,1.0,0.06540823720880505,0.26984164696658314,0.7105341879911586,3.1526381902921794
Feature_11,7.0,7.0,0.0,0.06540823720880505,1.0,0.26984164696658314,1.7367948720530486,0.9747474747474747,1.0,0.06540823720880505,0.26984164696658314,0.7105341879911586,3.1526381902921794
Feature_12,7.0,7.0,0.0,0.06540823720880505,1.0,0.26984164696658314,1.7367948720530486,0.9747474747474747,1.0,0.06540823720880505,0.26984164696658314,0.7105341879911586,3.1526381902921794
Feature_13,7.0,7.0,0.0,0.06540823720880505,1.0,0.26984164696658314,1.7367948720530486,0.9747474747474747,1.0,0.06540823720880505,0.26984164696658314,0.7105341879911586,3.1526381902921794
Feature_14,7.0,7.0,0.0,0.06540823720880505,1.0,0.26984164696658314,1.7367948720530486,0.9747474747474747,1.0,0.06540823720880505,0.26984164696658314,0.7105341879911586,3.1526381902921794
Feature_15,7.0,7.0,0.0,0.06540823720880505,1.0,0.26984164696658314,1.7367948720530486,0.9747474747474747,1.0,0.06540823720880505,0.26984164696658314,0.7105341879911586,3.1526381902921794
Feature_16,7.0,7.0,0.0,0.06540823720880505,1.0,0.26984164696658314,1.7367948720530486,0.9747474747474747,1.0,0.06540823720880505,0.26984164696658314,0.7105341879911586,3.1526381902921794
Feature_17,7.0,7.0,0.0,0.06540823720880505,1.0,0.26984164696658314,1.7367948720530486,0.9747474747474747,1.0,0.06540823720880505,0.26984164696658314,0.7105341879911586,3.1526381902921794
Feature_18,7.0,7.0,0.0,0.06540823720880505,1.0,0.26984164696658314,1.7367948720530486,0.9747474747474747,1.0,0.06540823720880505,0.26984164696658314,0.7105341879911586,3.1526381902921794
Feature_19,7.0,7.0,0.0,0.06540823720880505,1.0,0.26984164696658314,1.7367948720530486,0.9747474747474747,1.0,0.06540823720880505,0.26984164696658314,0.7105341879911586,3.1526381902921794
Feature_20,7.0,7.0,0.0,0.06540823720880505,1.0,0.26984164696658314,1.7367948720530486,0.9747474747474747,1.0,0.06540823720880505,0.26984164696658314,0.7105341879911586,3.1526381902921794
Feature_21,7.0,7.0,0.0,0.06540823720880505,1.0,0.26984164696658314,1.7367948720530486,0.9747474747474747,1.0,0.06540823720880505,0.26984164696658314,0.7105341879911586,3.1526381902921794
Feature_22,7.0,7.0,0.0,0.06540823720880505,1.0,0.26984164696658314,1.7367948720530486,0.9747474747474747,1.0,0.06540823720880505,0.26984164696658314,0.7105341879911586,3.1526381902921794
Feature_23,7.0,7.0,0.0,0.06540823720880505,1.0,0.26984164696658314,1.7367948720530486,0.9747474747474747,1.0,0.06540823720880505,0.26984164696658314,0.7105341879911586,3.1526381902921794
Feature_24,7.0,7.0,0.0,0.06540823720880505,1.0,0.26984164696658314,1.7367948720530486,0.9747474747474747,1.0,0.06540823720880505,0.26984164696658314,0.7105341879911586,3.1526381902921794
Feature_25,7.0,7.0,0.0,0.06540823720880505,1.0,0.26984164696658314,1.7367948720530486,0.9747474747474747,1.0,0.06540823720880505,0.26984164696658314,0.7105341879911586,3.1526381902921794
Feature_26,7.0,7.0,0.0,0.06540823720880505,1.0,0.26984164696658314,1.7367948720530486,0.9747474747474747,1.0,0.06540823720880505,0.26984164696658314,0.7105341879911586,3.1526381902921794
Feature_27,7.0,7.0,0.0,0.06540823720880505,1.0,0.26984164696658314,1.7367948720530486,0.9747474747474747,1.0,0.06540823720880505,0.26984164696658314,0.7105341879911586,3.1526381902921794
Feature_28,7.0,7.0,0.0,0.06540823720880505,1.0,0.26984164696658314,1.7367948720530486,0.9747474747474747,1.0,0.06540823720880505,0.26984164696658314,0.7105341879911586,3.1526381902921794
Feature_29,7.0,7.0,0.0,0.06540823720880505,1.0,0.26984164696658314,1.7367948720530486,0.9747474747474747,1.0,0.06540823720880505,0.26984164696658314,0.7105341879911586,3.1526381902921794
Feature_30,7.0,7.0,0.0,0.06540823720880505,1.0,0.26984164696658314,1.7367948720530486,0.9747474747474747,1.0,0.06540823720880505,0.26984164696658314,0.7105341879911586,3.1526381902921794
Feature_31,7.0,7.0,0.0,0.06540823720880505,1.0,0.26984164696658314,1.7367948720530486,0.9747474747474747,1.0,0.06540823720880505,0.26984164696658314,0.7105341879911586,3.1526381902921794
Feature_32,7.0,7.0,0.0,0.06540823720880505,1.0,0.26984164696658314,1.7367948720530486,0.9747474747474747,1.0,0.06540823720880505,0.26984164696658314,0.7105341879911586,3.1526381902921794
Feature_33,7.0,7.0,0.0,0.06540823720880505,1.0,0.26984164696658314,1.7367948720530486,0.9747474747474747,1.0,0.06540823720880505,0.26984164696658314,0.7105341879911586,3.1526381902921794
Feature_34,7.0,7.0,0.0,0.06540823720880505,1.0,0.26984164696658314,1.7367948720530486,0.9747474747474747,1.0,0.06540823720880505,0.26984164696658314,0.7105341879911586,3.1526381902921794
Feature_35,7.0,7.0,0.0,0.06540823720880505,1.0,0.26984164696658314,1.7367948720530486,0.9747474747474747,1.0,0.06540823720880505,0.26984164696658314,0.7105341879911586,3.1526381902921794
Feature_36,7.0,7.0,0.0,0.06540823720880505,1.0,0.26984164696658314,1.7367948720530486,0.9747474747474747,1.0,0.06540823720880505,0.26984164696658314,0.7105341879911586,3.1526381902921794
Feature_37,7.0,7.0,0.0,0.06540823720880505,1.0,0.26984164696658314,1.7367948720530486,0.9747474747474747,1.0,0.06540823720880505,0.26984164696658314,0.7105341879911586,3.1526381902921794
Feature_38,7.0,7.0,0.0,0.06540823720880505,1.0,0.26984164696658314,1.7367948720530486,0.9747474747474747,1.0,0.06540823720880505,0.26984164696658314,0.7105341879911586,3.1526381902921794
Feature_39,7.0,7.0,0.0,0.06540823720880505,1.0,0.26984164696658314,1.7367948720530486,0.9747474747474747,1.0,0.06540823720880505,0.26984164696658314,0.7105341879911586,3.1526381902921794
Feature_40,7.0,7.0,0.0,0.06540823720880505,1.0,0.26984164696658314,1.7367948720530486,0.9747474747474747,1.0,0.06540823720880505,0.26984164696658314,0.7105341879911586,3.1526381902921794
Feature_41,7.0,7.0,0.0,0.06540823720880505,1.0,0.26984164696658314,1.7367948720530486,0.9747474747474747,1.0,0.06540823720880505,0.26984164696658314,0.7105341879911586,3.1526381902921794
Feature_42,7.0,7.0,0.0,0.06540823720880505,1.0,0.26984164696658314,1.7367948720530486,0.9747474747474747,1.0,0.06540823720880505,0.26984164696658314,0.7105341879911586,3.1526381902921794
Feature_43,7.0,7.0,0.0,0.06540823720880505,1.0,0.26984164696658314,1.7367948720530486,0.9747474747474747,1.0,0.06540823720880505,0.26984164696658314,0.7105341879911586,3.1526381902921794
Feature_44,7.0,7.0,0.0,0.06540823720880505,1.0,0.26984164696658314,1.7367948720530486,0.9747474747474747,1.0,0.06540823720880505,0.26984164696658314,0.7105341879911586,3.1526381902921794
Feature_45,7.0,7.0,0.0,0.06540823720880505,1.0,0.26984164696658314,1.7367948720530486,0.9747474747474747,1.0,0.06540823720880505,0.26984164696658314,0.7105341879911586,3.1526381902921794
Feature_46,7.0,7.0,0.0,0.06540823720880505,1.0,0.26984164696658314,1.7367948720530486,0.9747474747474747,1.0,0.06540823720880505,0.26984164696658314,0.7105341879911586,3.1526381902921794
Feature_47,7.0,7.0,0.0,0.06540823720880505,1.0,0.26984164696658314,1.7367948720530486,0.9747474747474747,1.0,0.06540823720880505,0.26984164696658314,0.7105341879911586,3.1526381902921794
Feature_48,7.0,7.0,0.0,0.06540823720880505,1.0,0.26984164696658314,1.7367948720530486,0.9747474747474747,1.0,0.06540823720880505,0.26984164696658314,0.7105341879911586,3.1526381902921794
Feature_49,7.0,7.0,0.0,0.06540823720880505,1.0,0.26984164696658314,1.7367948720530486,0.9747474747474747,1.0,0.06540823720880505,0.26984164696658314,0.7105341879911586,3.1526381902921794
Feature_50,7.0,7.0,0.0,0.06540823720880505,1.0,0.26984164696658314,1.7367948720530486,0.9747474747474747,1.0,0.06540823720880505,0.26984164696658314,0.7105341879911586,3.1526381902921794
Feature_51,7.0,7.0,0.0,0.06540823720880505,1.0,0.26984164696658314,1.7367948720530486,0.9747474747474747,1.0,0.06540823720880505,0.26984164696658314,0.7105341879911586,3.1526381902921794
Feature_52,7.0,7.0,0.0,0.06540823720880505,1.0,0.26984164696658314,1.7367948720530486,0.9747474747474747,1.0,0.06540823720880505,0.26984164696658314,0.7105341879911586,3.1526381902921794
Feature_53,7.0,7.0,0.0,0.06540823720880505,1.0,0.26984164696658314,1.7367948720530486,0.9747474747474747,1.0,0.06540823720880505,0.26984164696658314,0.7105341879911586,3.1526381902921794
Feature_54,7.0,7.0,0.0,0.06540823720880505,1.0,0.26984164696658314,1.7367948720530486,0.9747474747474747,1.0,0.06540823720880505,0.26984164696658314,0.7105341879911586,3.1526381902921794
Feature_55,7.0,7.0,0.0,0.06540823720880505,1.0,0.26984164696658314,1.7367948720530486,0.9747474747474747,1.0,0.06540823720880505,0.26984164696658314,0.7105341879911586,3.1526381902921794
Feature_56,7.0,7.0,0.0,0.06540823720880505,1.0,0.26984164696658314,1.7367948720530486,0.9747474747474747,1.0,0.06540823720880505,0.26984164696658314,0.7105341879911586,3.1526381902921794
Feature_57,7.0,7.0,0.0,0.06540823720880505,1.0,0.26984164696658314,1.7367948720530486,0.9747474747474747,1.0,0.06540823720880505,0.26984164696658314,0.7105341879911586,3.1526381902921794
Feature_58,7.0,7.0,0.0,0.06540823720880505,1.0,0.26984164696658314,1.7367948720530486,0.9747474747474747,1.0,0.06540823720880505,0.26984164696658314,0.7105341879911586,3.1526381902921794
Feature_59,7.0,7.0,0.0,0.06540823720880505,1.0,0.26984164696658314,1.7367948720530486,0.9747474747474747,1.0,0.06540823720880505,0.26984164696658314,0.7105341879911586,3.1526381902921794
Feature_60,7.0,7.0,0.0,0.06540823720880505,1.0,0.26984164696658314,1.7367948720530486,0.9747474747474747,1.0,0.06540823720880505,0.26984164696658314,0.7105341879911586,3.1526381902921794
Feature_61,7.0,7.0,0.0,0.06540823720880505,1.0,0.26984164696658314,1.7367948720530486,0.9747474747474747,1.0,0.06540823720880505,0.26984164696658314,0.7105341879911586,3.1526381902921794
Feature_62,7.0,7.0,0.0,0.06540823720880505,1.0,0.26984164696658314,1.7367948720530486,0.9747474747474747,1.0,0.06540823720880505,0.26984164696658314,0.7105341879911586,3.1526381902921794
Feature_63,7.0,7.0,0.0,0.06540823720880505,1.0,0.26984164696658314,1.7367948720530486,0.9747474747474747,1.0,0.06540823720880505,0.26984164696658314,0.7105341879911586,3.1526381902921794
Feature_64,7.0,7.0,0.0,0.06540823720880505,1.0,0.26984164696658314,1.7367948720530486,0.9747474747474747,1.0,0.06540823720880505,0.26984164696658314,0.7105341879911586,3.1526381902921794
Feature_65,7.0,7.0,0.0,0.06540823720880505,1.0,0.26984164696658314,1.7367948720530486,0.9747474747474747,1.0,0.06540823720880505,0.26984164696658314,0.7105341879911586,3.1526381902921794
Feature_66,7.0,7.0,0.0,0.06540823720880505,1.0,0.26984164696658314,1.7367948720530486,0.9747474747474747,1.0,0.06540823720880505,0.26984164696658314,0.7105341879911586,3.1526381902921794
Feature_67,7.0,7.0,0.0,0.06540823720880505,1.0,0.26984164696658314,1.7367948720530486,0.9747474747474747,1.0,0.06540823720880505,0.26984164696658314,0.7105341879911586,3.1526381902921794
Feature_68,7.0,7.0,0.0,0.06540823720880505,1.0,0.26984164696658314,1.7367948720530486,0.9747474747474747,1.0,0.06540823720880505,0.26984164696658314,0.7105341879911586,3.1526381902921794
Feature_69,7.0,7.0,0.0,0.06540823720880505,1.0,0.26984164696658314,1.7367948720530486,0.9747474747474747,1.0,0.06540823720880505,0.26984164696658314,0.7105341879911586,3.1526381902921794
Feature_70,7.0,7.0,0.0,0.06540823720880505,1.0,0.26984164696658314,1.7367948720530486,0.9747474747474747,1.0,0.06540823720880505,0.26984164696658314,0.7105341879911586,3.1526381902921794
Feature_71,7.0,7.0,0.0,0.06540823720880505,1.0,0.26984164696658314,1.7367948720530486,0.9747474747474747,1.0,0.06540823720880505,0.26984164696658314,0.7105341879911586,3.1526381902921794
Feature_72,7.0,7.0,0.0,0.06540823720880505,1.0,0.26984164696658314,1.7367948720530486,0.9747474747474747,1.0,0.06540823720880505,0.26984164696658314,0.7105341879911586,3.1526381902921794
Feature_73,7.0,7.0,0.0,0.06540823720880505,1.0,0.26984164696658314,1.7367948720530486,0.9747474747474747,1.0,0.06540823720880505,0.26984164696658314,0.7105341879911586,3.1526381902921794
Feature_74,7.0,7.0,0.0,0.06540823720880505,1.0,0.26984164696658314,1.7367948720530486,0.9747474747474747,1.0,0.06540823720880505,0.26984164696658314,0.7105341879911586,3.1526381902921794
Feature_75,7.0,7.0,0.0,0.06540823720880505,1.0,0.26984164696658314,1.7367948720530486,0.9747474747474747,1.0,0.06540823720880505,0.26984164696658314,0.7105341879911586,3.1526381902921794
Feature_76,7.0,7.0,0.0,0.06540823720880505,1.0,0.26984164696658314,1.7367948720530486,0.9747474747474747,1.0,0.06540823720880505,0.26984164696658314,0.7105341879911586,3.1526381902921794
Feature_77,7.0,7.0,0.0,0.06540823720880505,1.0,0.26984164696658314,1.7367948720530486,0.9747474747474747,1.0,0.06540823720880505,0.26984164696658314,0.7105341879911586,3.1526381902921794
Feature_78,7.0,7.0,0.0,0.06540823720880505,1.0,0.26984164696658314,1.7367948720530486,0.9747474747474747,1.0,0.06540823720880505,0.26984164696658314,0.7105341879911586,3.1526381902921794
Feature_79,7.0,7.0,0.0,0.06540823720880505,1.0,0.26984164696658314,1.7367948720530486,0.9747474747474747,1.0,0.06540823720880505,0.26984164696658314,0.7105341879911586,3.1526381902921794
Feature_80,7.0,7.0,0.0,0.06540823720880505,1.0,0.26984164696658314,1.7367948720530486,0.9747474747474747,1.0,0.06540823720880505,0.26984164696658314,0.7105341879911586,3.1526381902921794
Feature_81,7.0,7.0,0.0,0.06540823720880505,1.0,0.26984164696658314,1.7367948720530486,0.9747474747474747,1.0,0.06540823720880505,0.26984164696658314,0.7105341879911586,3.1526381902921794
Feature_82,7.0,7.0,0.0,0.06540823720880505,1.0,0.26984164696658314,1.7367948720530486,0.9747474747474747,1.0,0.06540823720880505,0.26984164696658314,0.7105341879911586,3.1526381902921794
Feature_83,7.0,7.0,0.0,0.06540823720880505,1.0,0.26984164696658314,1.7367948720530486,0.9747474747474747,1.0,0.06540823720880505,0.26984164696658314,0.7105341879911586,3.1526381902921794
Feature_84,7.0,7.0,0.0,0.06540823720880505,1.0,0.26984164696658314,1.7367948720530486,0.9747474747474747,1.0,0.06540823720880505,0.26984164696658314,0.7105341879911586,3.1526381902921794
Feature_85,7.0,7.0,0.0,0.06540823720880505,1.0,0.26984164696658314,1.7367948720530486,0.9747474747474747,1.0,0.06540823720880505,0.26984164696658314,0.7105341879911586,3.1526381902921794
Feature_86,7.0,7.0,0.0,0.06540823720880505,1.0,0.26984164696658314,1.7367948720530486,0.9747474747474747,1.0,0.06540823720880505,0.26984164696658314,0.7105341879911586,3.1526381902921794
Feature_87,7.0,7.0,0.0,0.06540823720880505,1.0,0.26984164696658314,1.7367948720530486,0.9747474747474747,1.0,0.06540823720880505,0.26984164696658314,0.7105341879911586,3.1526381902921794
Feature_88,7.0,7.0,0.0,0.06540823720880505,1.0,0.26984164696658314,1.7367948720530486,0.9747474747474747,1.0,0.06540823720880505,0.26984164696658314,0.7105341879911586,3.1526381902921794
Feature_89,7.0,7.0,0.0,0.06540823720880505,1.0,0.26984164696658314,1.7367948720530486,0.9747474747474747,1.0,0.06540823720880505,0.26984164696658314,0.7105341879911586,3.1526381902921794
Feature_90,7.0,7.0,0.0,0.06540823720880505,1.0,0.26984164696658314,1.7367948720530486,0.9747474747474747,1.0,0.06540823720880505,0.26984164696658314,0.7105341879911586,3.1526381902921794
Feature_91,7.0,7.0,0.0,0.06540823720880505,1.0,0.26984164696658314,1.7367948720530486,0.9747474747474747,1.0,0.06540823720880505,0.26984164696658314,0.7105341879911586,3.1526381902921794
Feature_92,7.0,7.0,0.0,0.06540823720880505,1.0,0.26984164696658314,1.7367948720530486,0.9747474747474747,1.0,0.06540823720880505,0.26984164696658314,0.7105341879911586,3.1526381902921794
Feature_93,7.0,7.0,0.0,0.06540823720880505,1.0,0.26984164696658314,1.7367948720530486,0.9747474747474747,1.0,0.06540823720880505,0.26984164696658314,0.7105341879911586,3.1526381902921794
Feature_94,7.0,7.0,0.0,0.06540823720880505,1.0,0.26984164696658314,1.7367948720530486,0.9747474747474747,1.0,0.06540823720880505,0.26984164696658314,0.7105341879911586,3.1526381902921794
Feature_95,7.0,7.0,0.0,0.06540823720880505,1.0,0.26984164696658314,1.7367948720530486,0.9747474747474747,1.0,0.06540823720880505,0.26984164696658314,0.7105341879911586,3.1526381902921794
Feature_96,7.0,7.0,0.0,0.06540823720880505,1.0,0.26984164696658314,1.7367948720530486,0.9747474747474747,1.0,0.06540823720880505,0.26984164696658314,0.7105341879911586,3.1526381902921794
Feature_97,7.0,7.0,0.0,0.06540823720880505,1.0,0.26984164696658314,1.7367948720530486,0.9747474747474747,1.0,0.06540823720880505,0.26984164696658314,0.7105341879911586,3.1526381902921794
Feature_98,7.0,7.0,0.0,0.06540823720880505,1.0,0.26984164696658314,1.7367948720530486,0.9747474747474747,1.0,0.06540823720880505,0.26984164696658314,0.7105341879911586,3.1526381902921794
Feature_99,7.0,7.0,0.0,0.06540823720880505,1.0,0.26984164696658314,1.7367948720530486,0.9747474747474747,1.0,0.06540823720880505,0.26984164696658314,0.7105341879911586,3.1526381902921794
Feature_100,7.0,7.0,0.0,0.06540823720880505,1.0,0.26984164696658314,1.7367948720530486,0.9747474747474747,1.0,0.06540823720880505,0.26984164696658314,0.7105341879911586,3.1526381902921794
Feature_101,7.0,7.0,0.0,0.06540823720880505,1.0,0.26984164696658314,1.7367948720530486,0.9747474747474747,1.0,0.06540823720880505,0.26984164696658314,0.7105341879911586,3.1526381902921794
Feature_102,7.0,7.0,0.0,0.06540823720880505,1.0,0.26984164696658314,1.7367948720530486,0.9747474747474747,1.0,0.06540823720880505,0.26984164696658314,0.7105341879911586,3.1526381902921794
Feature_103,7.0,7.0,0.0,0.06540823720880505,1.0,0.26984164696658314,1.7367948720530486,0.9747474747474747,1.0,0.06540823720880505,0.26984164696658314,0.7105341879911586,3.1526381902921794
Feature_104,7.0,7.0,0.0,0.06540823720880505,1.0,0.26984164696658314,1.7367948720530486,0.9747474747474747,1.0,0.06540823720880505,0.26984164696658314,0.7105341879911586,3.1526381902921794
Feature_105,7.0,7.0,0.0,0.06540823720880505,1.0,0.26984164696658314,1.7367948720530486,0.9747474747474747,1.0,0.06540823720880505,0.26984164696658314,0.7105341879911586,3.1526381902921794
Feature_106,7.0,7.0,0.0,0.06540823720880505,1.0,0.26984164696658314,1.7367948720530486,0.9747474747474747,1.0,0.06540823720880505,0.26984164696658314,0.7105341879911586,3.1526381902921794
Feature_107,7.0,7.0,0.0,0.06540823720880505,1.0,0.26984164696658314,1.7367948720530486,0.9747474747474747,1.0,0.06540823720880505,0.26984164696658314,0.7105341879911586,3.1526381902921794
Feature_108,7.0,7.0,0.0,0.06540823720880505,1.0,0.26984164696658314,1.7367948720530486,0.9747474747474747,1.0,0.06540823720880505,0.26984164696658314,0.7105341879911586,3.1526381902921794
Feature_109,7.0,7.0,0.0,0.06540823720880505,1.0,0.26984164696658314,1.7367948720530486,0.9747474747474747,1.0,0.06540823720880505,0.26984164696658314,0.7105341879911586,3.1526381902921794
Feature_110,7.0,7.0,0.0,0.06540823720880505,1.0,0.26984164696658314,1.7367948720530486,0.9747474747474747,1.0,0.06540823720880505,0.26984164696658314,0.7105341879911586,3.1526381902921794
Feature_111,7.0,7.0,0.0,0.06540823720880505,1.0,0.26984164696658314,1.7367948720530486,0.9747474747474747,1.0,0.06540823720880505,0.26984164696658314,0.7105341879911586,3.1526381902921794
Feature_112,7.0,7.0,0.0,0.06540823720880505,1.0,0.26984164696658314,1.7367948720530486,0.9747474747474747,1.0,0.06540823720880505,0.26984164696658314,0.7105341879911586,3.1526381902921794
Feature_113,7.0,7.0,0.0,0.06540823720880505,1.0,0.26984164696658314,1.7367948720530486,0.9747474747474747,1.0,0.06540823720880505,0.26984164696658314,0.7105341879911586,3.1526381902921794
Feature_114,7.0,7.0,0.0,0.06540823720880505,1.0,0.26984164696658314,1.7367948720530486,0.9747474747474747,1.0,0.06540823720880505,0.26984164696658314,0.7105341879911586,3.1526381902921794
Feature_115,7.0,7.0,0.0,0.06540823720880505,1.0,0.26984164696658314,1.7367948720530486,0.9747474747474747,1.0,0.06540823720880505,0.26984164696658314,0.7105341879911586,3.1526381902921794
Feature_116,7.0,7.0,0.0,0.06540823720880505,1.0,0.26984164696658314,1.7367948720530486,0.9747474747474747,1.0,0.06540823720880505,0.26984164696658314,0.7105341879911586,3.1526381902921794
Feature_117,7.0,7.0,0.0,0.06540823720880505,1.0,0.26984164696658314,1.7367948720530486,0.9747474747474747,1.0,0.06540823720880505,0.26984164696658314,0.7105341879911586,3.1526381902921794
Feature_118,7.0,7.0,0.0,0.06540823720880505,1.0,0.26984164696658314,1.7367948720530486,0.9747474747474747,1.0,0.06540823720880505,0.26984164696658314,0.7105341879911586,3.1526381902921794
Feature_119,7.0,7.0,0.0,0.06540823720880505,1.0,0.26984164696658314,1.7367948720530486,0.9747474747474747,1.0,0.06540823720880505,0.26984164696658314,0.7105341879911586,3.1526381902921794
Feature_120,7.0,7.0,0.0,0.06540823720880505,1.0,0.26984164696658314,1.7367948720530486,0.9747474747474747,1.0,0.06540823720880505,0.26984164696658314,0.7105341879911586,3.1526381902921794
Feature_121,7.0,7.0,0.0,0.06540823720880505,1.0,0.26984164696658314,1.7367948720530486,0.9747474747474747,1.0,0.06540823720880505,0.26984164696658314,0.7105341879911586,3.1526381902921794
Feature_122,7.0,7.0,0.0,0.06540823720880505,1.0,0.26984164696658314,1.7367948720530486,0.9747474747474747,1.0,0.06540823720880505,0.26984164696658314,0.7105341879911586,3.1526381902921794
Feature_123,7.0,7.0,0.0,0.06540823720880505,1.0,0.26984164696658314,1.7367948720530486,0.9747474747474747,1.0,0.06540823720880505,0.26984164696658314,0.7105341879911586,3.1526381902921794
Feature_124,7.0,7.0,0.0,0.06540823720880505,1.0,0.26984164696658314,1.7367948720530486,0.9747474747474747,1.0,0.06540823720880505,0.26984164696658314,0.7105341879911586,3.1526381902921794
Feature_125,7.0,7.0,0.0,0.06540823720880505,1.0,0.26984164696658314,1.7367948720530486,0.9747474747474747,1.0,0.06540823720880505,0.26984164696658314,0.7105341879911586,3.1526381902921794
Feature_126,7.0,7.0,0.0,0.06540823720880505,1.0,0.26984164696658314,1.7367948720530486,0.9747474747474747,1.0,0.06540823720880505,0.26984164696658314,0.7105341879911586,3.1526381902921794
Feature_127,7.0,7.0,0.0,0.06540823720880505,1.0,0.26984164696658314,1.7367948720530486,0.9747474747474747,1.0,0.06540823720880505,0.26984164696658314,0.7105341879911586,3.1526381902921794
Feature_128,7.0,7.0,0.0,0.06540823720880505,1.0,0.26984164696658314,1.7367948720530486,0.9747474747474747,1.0,0.06540823720880505,0.26984164696658314,0.7105341879911586,3.1526381902921794
Feature_129,7.0,7.0,0.0,0.06540823720880505,1.0,0.26984164696658314,1.7367948720530486,0.9747474747474747,1.0,0.06540823720880505,0.26984164696658314,0.7105341879911586,3.1526381902921794
Feature_130,7.0,7.0,0.0,0.06540823720880505,1.0,0.26984164696658314,1.7367948720530486,0.9747474747474747,1.0,0.06540823720880505,0.26984164696658314,0.7105341879911586,3.1526381902921794
Feature_131,7.0,7.0,0.0,0.06540823720880505,1.0,0.26984164696658314,1.7367948720530486,0.9747474747474747,1.0,0.06540823720880505,0.26984164696658314,0.7105341879911586,3.1526381902921794
Feature_132,7.0,7.0,0.0,0.06540823720880505,1.0,0.26984164696658314,1.7367948720530486,0.9747474747474747,1.0,0.06540823720880505,0.26984164696658314,0.7105341879911586,3.1526381902921794
Feature_133,7.0,7.0,0.0,0.06540823720880505,1.0,0.26984164696658314,1.7367948720530486,0.9747474747474747,1.0,0.06540823720880505,0.26984164696658314,0.7105341879911586,3.1526381902921794
Feature_134,7.0,7.0,0.0,0.06540823720880505,1.0,0.26984164696658314,1.7367948720530486,0.9747474747474747,1.0,0.06540823720880505,0.26984164696658314,0.7105341879911586,3.1526381902921794
Feature_135,7.0,7.0,0.0,0.06540823720880505,1.0,0.26984164696658314,1.7367948720530486,0.9747474747474747,1.0,0.06540823720880505,0.26984164696658314,0.7105341879911586,3.1526381902921794
Feature_136,7.0,7.0,0.0,0.06540823720880505,1.0,0.26984164696658314,1.7367948720530486,0.9747474747474747,1.0,0.06540823720880505,0.26984164696658314,0.7105341879911586,3.1526381902921794
Feature_137,7.0,7.0,0.0,0.06540823720880505,1.0,0.26984164696658314,1.7367948720530486,0.9747474747474747,1.0,0.06540823720880505,0.26984164696658314,0.7105341879911586,3.1526381902921794
Feature_138,7.0,7.0,0.0,0.06540823720880505,1.0,0.26984164696658314,1.7367948720530486,0.9747474747474747,1.0,0.06540823720880505,0.26984164696658314,0.7105341879911586,3.1526381902921794
Feature_139,7.0,7.0,0.0,0.06540823720880505,1.0,0.26984164696658314,1.7367948720530486,0.9747474747474747,1.0,0.06540823720880505,0.26984164696658314,0.7105341879911586,3.1526381902921794
Feature_140,7.0,7.0,0.0,0.06540823720880505,1.0,0.26984164696658314,1.7367948720530486,0.9747474747474747,1.0,0.06540823720880505,0.26984164696658314,0.7105341879911586,3.1526381902921794
Feature_141,7.0,7.0,0.0,0.06540823720880505,1.0,0.26984164696658314,1.7367948720530486,0.9747474747474747,1.0,0.06540823720880505,0.26984164696658314,0.7105341879911586,3.1526381902921794
Feature_142,7.0,7.0,0.0,0.06540823720880505,1.0,0.26984164696658314,1.7367948720530486,0.9747474747474747,1.0,0.06540823720880505,0.26984164696658314,0.7105341879911586,3.1526381902921794
Feature_143,7.0,7.0,0.0,0.06540823720880505,1.0,0.26984164696658314,1.7367948720530486,0.9747474747474747,1.0,0.06540823720880505,0.26984164696658314,0.7105341879911586,3.1526381902921794
Feature_144,7.0,7.0,0.0,0.06540823720880505,1.0,0.26984164696658314,1.7367948720530486,0.9747474747474747,1.0,0.06540823720880505,0.26984164696658314,0.7105341879911586,3.1526381902921794
Feature_145,7.0,7.0,0.0,0.06540823720880505,1.0,0.26984164696658314,1.7367948720530486,0.9747474747474747,1.0,0.06540823720880505,0.26984164696658314,0.7105341879911586,3.1526381902921794
Feature_146,7.0,7.0,0.0,0.06540823720880505,1.0,0.26984164696658314,1.7367948720530486,0.9747474747474747,1.0,0.06540823720880505,0.26984164696658314,0.7105341879911586,3.1526381902921794
Feature_147,7.0,7.0,0.0,0.06540823720880505,1.0,0.26984164696658314,1.7367948720530486,0.9747474747474747,1.0,0.06540823720880505,0.26984164696658314,0.7105341879911586,3.1526381902921794
Feature_148,7.0,7.0,0.0,0.06540823720880505,1.0,0.26984164696658314,1.7367948720530486,0.9747474747474747,1.0,0.06540823720880505,0.26984164696658314,0.7105341879911586,3.1526381902921794
Feature_149,7.0,7.0,0.0,0.06540823720880505,1.0,0.26984164696658314,1.7367948720530486,0.9747474747474747,1.0,0.06540823720880505,0.26984164696658314,0.7105341879911586,3.1526381902921794
Feature_150,7.0,7.0,0.0,0.06540823720880505,1.0,0.26984164696658314,1.7367948720530486,0.9747474747474747,1.0,0.06540823720880505,0.26984164696658314,0.7105341879911586,3.1526381902921794
Feature_151,7.0,7.0,0.0,0.06540823720880505,1.0,0.26984164696658314,1.7367948720530486,0.9747474747474747,1.0,0.06540823720880505,0.26984164696658314,0.7105341879911586,3.1526381902921794
Feature_152,7.0,7.0,0.0,0.06540823720880505,1.0,0.26984164696658314,1.7367948720530486,0.9747474747474747,1.0,0.06540823720880505,0.26984164696658314,0.7105341879911586,3.1526381902921794
Feature_153,7.0,7.0,0.0,0.06540823720880505,1.0,0.26984164696658314,1.7367948720530486,0.9747474747474747,1.0,0.06540823720880505,0.26984164696658314,0.7105341879911586,3.1526381902921794
Feature_154,7.0,7.0,0.0,0.06540823720880505,1.0,0.26984164696658314,1.7367948720530486,0.9747474747474747,1.0,0.06540823720880505,0.26984164696658314,0.7105341879911586,3.1526381902921794
Feature_155,7.0,7.0,0.0,0.06540823720880505,1.0,0.26984164696658314,1.7367948720530486,0.9747474747474747,1.0,0.06540823720880505,0.26984164696658314,0.7105341879911586,3.1526381902921794
Feature_156,7.0,7.0,0.0,0.06540823720880505,1.0,0.26984164696658314,1.7367948720530486,0.9747474747474747,1.0,0.06540823720880505,0.26984164696658314,0.7105341879911586,3.1526381902921794
Feature_157,7.0,7.0,0.0,0.06540823720880505,1.0,0.26984164696658314,1.7367948720530486,0.9747474747474747,1.0,0.06540823720880505,0.26984164696658314,0.7105341879911586,3.1526381902921794
Feature_158,7.0,7.0,0.0,0.06540823720880505,1.0,0.26984164696658314,1.7367948720530486,0.9747474747474747,1.0,0.06540823720880505,0.26984164696658314,0.7105341879911586,3.1526381902921794
Feature_159,7.0,7.0,0.0,0.06540823720880505,1.0,0.26984164696658314,1.7367948720530486,0.9747474747474747,1.0,0.06540823720880505,0.26984164696658314,0.7105341879911586,3.1526381902921794
Feature_160,7.0,7.0,0.0,0.06540823720880505,1.0,0.26984164696658314,1.7367948720530486,0.9747474747474747,1.0,0.06540823720880505,0.26984164696658314,0.7105341879911586,3.1526381902921794
Feature_161,7.0,7.0,0.0,0.06540823720880505,1.0,0.26984164696658314,1.7367948720530486,0.9747474747474747,1.0,0.06540823720880505,0.26984164696658314,0.7105341879911586,3.1526381902921794
Feature_162,7.0,7.0,0.0,0.06540823720880505,1.0,0.26984164696658314,1.7367948720530486,0.9747474747474747,1.0,0.06540823720880505,0.26984164696658314,0.7105341879911586,3.1526381902921794
Feature_163,7.0,7.0,0.0,0.06540823720880505,1.0,0.26984164696658314,1.7367948720530486,0.9747474747474747,1.0,0.06540823720880505,0.26984164696658314,0.7105341879911586,3.1526381902921794
Feature_164,7.0,7.0,0.0,0.06540823720880505,1.0,0.26984164696658314,1.7367948720530486,0.9747474747474747,1.0,0.06540823720880505,0.26984164696658314,0.7105341879911586,3.1526381902921794
Feature_165,7.0,7.0,0.0,0.06540823720880505,1.0,0.26984164696658314,1.7367948720530486,0.9747474747474747,1.0,0.06540823720880505,0.26984164696658314,0.7105341879911586,3.1526381902921794
Feature_166,7.0,7.0,0.0,0.06540823720880505,1.0,0.26984164696658314,1.7367948720530486,0.9747474747474747,1.0,0.06540823720880505,0.26984164696658314,0.7105341879911586,3.1526381902921794
Feature_167,7.0,7.0,0.0,0.06540823720880505,1.0,0.26984164696658314,1.7367948720530486,0.9747474747474747,1.0,0.06540823720880505,0.26984164696658314,0.7105341879911586,3.1526381902921794
Feature_168,7.0,7.0,0.0,0.06540823720880505,1.0,0.26984164696658314,1.7367948720530486,0.9747474747474747,1.0,0.06540823720880505,0.26984164696658314,0.7105341879911586,3.1526381902921794
Feature_169,7.0,7.0,0.0,0.06540823720880505,1.0,0.26984164696658314,1.7367948720530486,0.9747474747474747,1.0,0.06540823720880505,0.26984164696658314,0.7105341879911586,3.1526381902921794
Feature_170,7.0,7.0,0.0,0.06540823720880505,1.0,0.26984164696658314,1.7367948720530486,0.9747474747474747,1.0,0.06540823720880505,0.26984164696658314,0.7105341879911586,3.1526381902921794
Feature_171,7.0,7.0,0.0,0.06540823720880505,1.0,0.26984164696658314,1.7367948720530486,0.9747474747474747,1.0,0.06540823720880505,0.26984164696658314,0.7105341879911586,3.1526381902921794
Feature_172,7.0,7.0,0.0,0.06540823720880505,1.0,0.26984164696658314,1.7367948720530486,0.9747474747474747,1.0,0.06540823720880505,0.26984164696658314,0.7105341879911586,3.1526381902921794
Feature_173,7.0,7.0,0.0,0.06540823720880505,1.0,0.26984164696658314,1.7367948720530486,0.9747474747474747,1.0,0.06540823720880505,0.26984164696658314,0.7105341879911586,3.1526381902921794
Feature_174,7.0,7.0,0.0,0.06540823720880505,1.0,0.26984164696658314,1.7367948720530486,0.9747474747474747,1.0,0.06540823720880505,0.26984164696658314,0.7105341879911586,3.1526381902921794
Feature_175,7.0,7.0,0.0,0.06540823720880505,1.0,0.26984164696658314,1.7367948720530486,0.9747474747474747,1.0,0.06540823720880505,0.26984164696658314,0.7105341879911586,3.1526381902921794
Feature_176,7.0,7.0,0.0,0.06540823720880505,1.0,0.26984164696658314,1.7367948720530486,0.9747474747474747,1.0,0.06540823720880505,0.26984164696658314,0.7105341879911586,3.1526381902921794
Feature_177,7.0,7.0,0.0,0.06540823720880505,1.0,0.26984164696658314,1.7367948720530486,0.9747474747474747,1.0,0.06540823720880505,0.26984164696658314,0.7105341879911586,3.1526381902921794
Feature_178,7.0,7.0,0.0,0.06540823720880505,1.0,0.26984164696658314,1.7367948720530486,0.9747474747474747,1.0,0.06540823720880505,0.26984164696658314,0.7105341879911586,3.1526381902921794
Feature_179,7.0,7.0,0.0,0.06540823720880505,1.0,0.26984164696658314,1.7367948720530486,0.9747474747474747,1.0,0.06540823720880505,0.26984164696658314,0.7105341879911586,3.1526381902921794
Feature_180,7.0,7.0,0.0,0.06540823720880505,1.0,0.26984164696658314,1.7367948720530486,0.9747474747474747,1.0,0.06540823720880505,0.26984164696658314,0.7105341879911586,3.1526381902921794
Feature_181,7.0,7.0,0.0,0.06540823720880505,1.0,0.26984164696658314,1.7367948720530486,0.9747474747474747,1.0,0.06540823720880505,0.26984164696658314,0.7105341879911586,3.1526381902921794
Feature_182,7.0,7.0,0.0,0.06540823720880505,1.0,0.26984164696658314,1.7367948720530486,0.9747474747474747,1.0,0.06540823720880505,0.26984164696658314,0.7105341879911586,3.1526381902921794
Feature_183,7.0,7.0,0.0,0.06540823720880505,1.0,0.26984164696658314,1.7367948720530486,0.9747474747474747,1.0,0.06540823720880505,0.26984164696658314,0.7105341879911586,3.1526381902921794
Feature_184,7.0,7.0,0.0,0.06540823720880505,1.0,0.26984164696658314,1.7367948720530486,0.9747474747474747,1.0,0.06540823720880505,0.26984164696658314,0.7105341879911586,3.1526381902921794
Feature_185,7.0,7.0,0.0,0.06540823720880505,1.0,0.26984164696658314,1.7367948720530486,0.9747474747474747,1.0,0.06540823720880505,0.26984164696658314,0.7105341879911586,3.1526381902921794
Feature_186,7.0,7.0,0.0,0.06540823720880505,1.0,0.26984164696658314,1.7367948720530486,0.9747474747474747,1.0,0.06540823720880505,0.26984164696658314,0.7105341879911586,3.1526381902921794
Feature_187,7.0,7.0,0.0,0.06540823720880505,1.0,0.26984164696658314,1.7367948720530486,0.9747474747474747,1.0,0.06540823720880505,0.26984164696658314,0.7105341879911586,3.1526381902921794
Feature_188,7.0,7.0,0.0,0.06540823720880505,1.0,0.26984164696658314,1.7367948720530486,0.9747474747474747,1.0,0.06540823720880505,0.26984164696658314,0.7105341879911586,3.1526381902921794
Feature_189,7.0,7.0,0.0,0.06540823720880505,1.0,0.26984164696658314,1.7367948720530486,0.9747474747474747,1.0,0.06540823720880505,0.26984164696658314,0.7105341879911586,3.1526381902921794
Feature_190,7.0,7.0,0.0,0.06540823720880505,1.0,0.26984164696658314,1.7367948720530486,0.9747474747474747,1.0,0.06540823720880505,0.26984164696658314,0.7105341879911586,3.1526381902921794
Feature_191,7.0,7.0,0.0,0.06540823720880505,1.0,0.26984164696658314,1.7367948720530486,0.9747474747474747,1.0,0.06540823720880505,0.26984164696658314,0.7105341879911586,3.1526381902921794
Feature_192,7.0,7.0,0.0,0.06540823720880505,1.0,0.26984164696658314,1.7367948720530486,0.9747474747474747,1.0,0.06540823720880505,0.26984164696658314,0.7105341879911586,3.1526381902921794
Feature_193,7.0,7.0,0.0,0.06540823720880505,1.0,0.26984164696658314,1.7367948720530486,0.9747474747474747,1.0,0.06540823720880505,0.26984164696658314,0.7105341879911586,3.1526381902921794
Feature_194,7.0,7.0,0.0,0.06540823720880505,1.0,0.26984164696658314,1.7367948720530486,0.9747474747474747,1.0,0.06540823720880505,0.26984164696658314,0.7105341879911586,3.1526381902921794
Feature_195,7.0,7.0,0.0,0.06540823720880505,1.0,0.26984164696658314,1.7367948720530486,0.9747474747474747,1.0,0.06540823720880505,0.26984164696658314,0.7105341879911586,3.1526381902921794
Feature_196,7.0,7.0,0.0,0.06540823720880505,1.0,0.26984164696658314,1.7367948720530486,0.9747474747474747,1.0,0.06540823720880505,0.26984164696658314,0.7105341879911586,3.1526381902921794
Feature_197,7.0,7.0,0.0,0.06540823720880505,1.0,0.26984164696658314,1.7367948720530486,0.9747474747474747,1.0,0.06540823720880505,0.26984164696658314,0.7105341879911586,3.1526381902921794
Feature_198,7.0,7.0,0.0,0.06540823720880505,1.0,0.26984164696658314,1.7367948720530486,0.9747474747474747,1.0,0.06540823720880505,0.26984164696658314,0.7105341879911586,3.1526381902921794
Feature_199,7.0,7.0,0.0,0.06540823720880505,1.0,0.26984164696658314,1.7367948720530486,0.9747474747474747,1.0,0.06540823720880505,0.26984164696658314,0.7105341879911586,3.1526381902921794
Feature_200,7.0,7.0,0.0,0.06540823720880505,1.0,0.26984164696658314,1.7367948720530486,0.9747474747474747,1.0,0.06540823720880505,0.26984164696658314,0.7105341879911586,3.1526381902921794
Feature_201,7.0,7.0,0.0,0.06540823720880505,1.0,0.26984164696658314,1.7367948720530486,0.9747474747474747,1.0,0.06540823720880505,0.26984164696658314,0.7105341879911586,3.1526381902921794
Feature_202,7.0,7.0,0.0,0.06540823720880505,1.0,0.26984164696658314,1.7367948720530486,0.9747474747474747,1.0,0.06540823720880505,0.26984164696658314,0.7105341879911586,3.1526381902921794
Feature_203,7.0,7.0,0.0,0.06540823720880505,1.0,0.26984164696658314,1.7367948720530486,0.9747474747474747,1.0,0.06540823720880505,0.26984164696658314,0.7105341879911586,3.1526381902921794
Feature_204,7.0,7.0,0.0,0.06540823720880505,1.0,0.26984164696658314,1.7367948720530486,0.9747474747474747,1.0,0.06540823720880505,0.26984164696658314,0.7105341879911586,3.1526381902921794
Feature_205,7.0,7.0,0.0,0.06540823720880505,1.0,0.26984164696658314,1.7367948720530486,0.9747474747474747,1.0,0.06540823720880505,0.26984164696658314,0.7105341879911586,3.1526381902921794
Feature_206,7.0,7.0,0.0,0.06540823720880505,1.0,0.26984164696658314,1.7367948720530486,0.9747474747474747,1.0,0.06540823720880505,0.26984164696658314,0.7105341879911586,3.1526381902921794
Feature_207,7.0,7.0,0.0,0.06540823720880505,1.0,0.26984164696658314,1.7367948720530486,0.9747474747474747,1.0,0.06540823720880505,0.26984164696658314,0.7105341879911586,3.1526381902921794
Feature_208,7.0,7.0,0.0,0.06540823720880505,1.0,0.26984164696658314,1.7367948720530486,0.9747474747474747,1.0,0.06540823720880505,0.26984164696658314,0.7105341879911586,3.1526381902921794
Feature_209,7.0,7.0,0.0,0.06540823720880505,1.0,0.26984164696658314,1.7367948720530486,0.9747474747474747,1.0,0.06540823720880505,0.26984164696658314,0.7105341879911586,3.1526381902921794
Feature_210,7.0,7.0,0.0,0.06540823720880505,1.0,0.26984164696658314,1.7367948720530486,0.9747474747474747,1.0,0.06540823720880505,0.26984164696658314,0.7105341879911586,3.1526381902921794
Feature_211,7.0,7.0,0.0,0.06540823720880505,1.0,0.26984164696658314,1.7367948720530486,0.9747474747474747,1.0,0.06540823720880505,0.26984164696658314,0.7105341879911586,3.1526381902921794
Feature_212,7.0,7.0,0.0,0.06540823720880505,1.0,0.26984164696658314,1.7367948720530486,0.9747474747474747,1.0,0.06540823720880505,0.26984164696658314,0.7105341879911586,3.1526381902921794
Feature_213,7.0,7.0,0.0,0.06540823720880505,1.0,0.26984164696658314,1.7367948720530486,0.9747474747474747,1.0,0.06540823720880505,0.26984164696658314,0.7105341879911586,3.1526381902921794
Feature_214,7.0,7.0,0.0,0.06540823720880505,1.0,0.26984164696658314,1.7367948720530486,0.9747474747474747,1.0,0.06540823720880505,0.26984164696658314,0.7105341879911586,3.1526381902921794
Feature_215,7.0,7.0,0.0,0.06540823720880505,1.0,0.26984164696658314,1.7367948720530486,0.9747474747474747,1.0,0.06540823720880505,0.26984164696658314,0.7105341879911586,3.1526381902921794
Feature_216,7.0,7.0,0.0,0.06540823720880505,1.0,0.26984164696658314,1.7367948720530486,0.9747474747474747,1.0,0.06540823720880505,0.26984164696658314,0.7105341879911586,3.1526381902921794
Feature_217,7.0,7.0,0.0,0.06540823720880505,1.0,0.26984164696658314,1.7367948720530486,0.9747474747474747,1.0,0.06540823720880505,0.26984164696658314,0.7105341879911586,3.1526381902921794
Feature_218,7.0,7.0,0.0,0.06540823720880505,1.0,0.26984164696658314,1.7367948720530486,0.9747474747474747,1.0,0.06540823720880505,0.26984164696658314,0.7105341879911586,3.1526381902921794
Feature_219,7.0,7.0,0.0,0.06540823720880505,1.0,0.26984164696658314,1.7367948720530486,0.9747474747474747,1.0,0.06540823720880505,0.26984164696658314,0.7105341879911586,3.1526381902921794
Feature_220,7.0,7.0,0.0,0.06540823720880505,1.0,0.26984164696658314,1.7367948720530486,0.9747474747474747,1.0,0.06540823720880505,0.26984164696658314,0.7105341879911586,3.1526381902921794
Feature_221,7.0,7.0,0.0,0.06540823720880505,1.0,0.26984164696658314,1.7367948720530486,0.9747474747474747,1.0,0.06540823720880505,0.26984164696658314,0.7105341879911586,3.1526381902921794
Feature_222,7.0,7.0,0.0,0.06540823720880505,1.0,0.26984164696658314,1.7367948720530486,0.9747474747474747,1.0,0.06540823720880505,0.26984164696658314,0.7105341879911586,3.1526381902921794
Feature_223,7.0,7.0,0.0,0.06540823720880505,1.0,0.26984164696658314,1.7367948720530486,0.9747474747474747,1.0,0.06540823720880505,0.26984164696658314,0.7105341879911586,3.1526381902921794
Feature_224,7.0,7.0,0.0,0.06540823720880505,1.0,0.26984164696658314,1.7367948720530486,0.9747474747474747,1.0,0.06540823720880505,0.26984164696658314,0.7105341879911586,3.1526381902921794
Feature_225,7.0,7.0,0.0,0.06540823720880505,1.0,0.26984164696658314,1.7367948720530486,0.9747474747474747,1.0,0.06540823720880505,0.26984164696658314,0.7105341879911586,3.1526381902921794
Feature_226,7.0,7.0,0.0,0.06540823720880505,1.0,0.26984164696658314,1.7367948720530486,0.9747474747474747,1.0,0.06540823720880505,0.26984164696658314,0.7105341879911586,3.1526381902921794
Feature_227,7.0,7.0,0.0,0.06540823720880505,1.0,0.26984164696658314,1.7367948720530486,0.9747474747474747,1.0,0.06540823720880505,0.26984164696658314,0.7105341879911586,3.1526381902921794
Feature_228,7.0,7.0,0.0,0.06540823720880505,1.0,0.26984164696658314,1.7367948720530486,0.9747474747474747,1.0,0.06540823720880505,0.26984164696658314,0.7105341879911586,3.1526381902921794
Feature_229,7.0,7.0,0.0,0.06540823720880505,1.0,0.26984164696658314,1.7367948720530486,0.9747474747474747,1.0,0.06540823720880505,0.26984164696658314,0.7105341879911586,3.1526381902921794
Feature_230,7.0,7.0,0.0,0.06540823720880505,1.0,0.26984164696658314,1.7367948720530486,0.9747474747474747,1.0,0.06540823720880505,0.26984164696658314,0.7105341879911586,3.1526381902921794
Feature_231,7.0,7.0,0.0,0.06540823720880505,1.0,0.26984164696658314,1.7367948720530486,0.9747474747474747,1.0,0.06540823720880505,0.26984164696658314,0.7105341879911586,3.1526381902921794
Feature_232,7.0,7.0,0.0,0.06540823720880505,1.0,0.26984164696658314,1.7367948720530486,0.9747474747474747,1.0,0.06540823720880505,0.26984164696658314,0.7105341879911586,3.1526381902921794
Feature_233,7.0,7.0,0.0,0.06540823720880505,1.0,0.26984164696658314,1.7367948720530486,0.9747474747474747,1.0,0.06540823720880505,0.26984164696658314,0.7105341879911586,3.1526381902921794
Feature_234,7.0,7.0,0.0,0.06540823720880505,1.0,0.26984164696658314,1.7367948720530486,0.9747474747474747,1.0,0.06540823720880505,0.26984164696658314,0.7105341879911586,3.1526381902921794
Feature_235,7.0,7.0,0.0,0.06540823720880505,1.0,0.26984164696658314,1.7367948720530486,0.9747474747474747,1.0,0.06540823720880505,0.26984164696658314,0.7105341879911586,3.1526381902921794
Feature_236,7.0,7.0,0.0,0.06540823720880505,1.0,0.26984164696658314,1.7367948720530486,0.9747474747474747,1.0,0.06540823720880505,0.26984164696658314,0.7105341879911586,3.1526381902921794
Feature_237,7.0,7.0,0.0,0.06540823720880505,1.0,0.26984164696658314,1.7367948720530486,0.9747474747474747,1.0,0.06540823720880505,0.26984164696658314,0.7105341879911586,3.1526381902921794
Feature_238,7.0,7.0,0.0,0.06540823720880505,1.0,0.26984164696658314,1.7367948720530486,0.9747474747474747,1.0,0.06540823720880505,0.26984164696658314,0.7105341879911586,3.1526381902921794
Feature_239,7.0,7.0,0.0,0.06540823720880505,1.0,0.26984164696658314,1.7367948720530486,0.9747474747474747,1.0,0.06540823720880505,0.26984164696658314,0.7105341879911586,3.1526381902921794
Feature_240,7.0,7.0,0.0,0.06540823720880505,1.0,0.26984164696658314,1.7367948720530486,0.9747474747474747,1.0,0.06540823720880505,0.26984164696658314,0.7105341879911586,3.1526381902921794
Feature_241,7.0,7.0,0.0,0.06540823720880505,1.0,0.26984164696658314,1.7367948720530486,0.9747474747474747,1.0,0.06540823720880505,0.26984164696658314,0.7105341879911586,3.1526381902921794
Feature_242,7.0,7.0,0.0,0.06540823720880505,1.0,0.26984164696658314,1.7367948720530486,0.9747474747474747,1.0,0.06540823720880505,0.26984164696658314,0.7105341879911586,3.1526381902921794
Feature_243,7.0,7.0,0.0,0.06540823720880505,1.0,0.26984164696658314,1.7367948720530486,0.9747474747474747,1.0,0.06540823720880505,0.26984164696658314,0.7105341879911586,3.1526381902921794
Feature_244,7.0,7.0,0.0,0.06540823720880505,1.0,0.26984164696658314,1.7367948720530486,0.9747474747474747,1.0,0.06540823720880505,0.26984164696658314,0.7105341879911586,3.1526381902921794
Feature_245,7.0,7.0,0.0,0.06540823720880505,1.0,0.26984164696658314,1.7367948720530486,0.9747474747474747,1.0,0.06540823720880505,0.26984164696658314,0.7105341879911586,3.1526381902921794
Feature_246,7.0,7.0,0.0,0.06540823720880505,1.0,0.26984164696658314,1.7367948720530486,0.9747474747474747,1.0,0.06540823720880505,0.26984164696658314,0.7105341879911586,3.1526381902921794
Feature_247,7.0,7.0,0.0,0.06540823720880505,1.0,0.26984164696658314,1.7367948720530486,0.9747474747474747,1.0,0.06540823720880505,0.26984164696658314,0.7105341879911586,3.1526381902921794
Feature_248,7.0,7.0,0.0,0.06540823720880505,1.0,0.26984164696658314,1.7367948720530486,0.9747474747474747,1.0,0.06540823720880505,0.26984164696658314,0.7105341879911586,3.1526381902921794
Feature_249,7.0,7.0,0.0,0.06540823720880505,1.0,0.26984164696658314,1.7367948720530486,0.9747474747474747,1.0,0.06540823720880505,0.26984164696658314,0.7105341879911586,3.1526381902921794
Feature_250,7.0,7.0,0.0,0.06540823720880505,1.0,0.26984164696658314,1.7367948720530486,0.9747474747474747,1.0,0.06540823720880505,0.26984164696658314,0.7105341879911586,3.1526381902921794
Feature_251,7.0,7.0,0.0,0.06540823720880505,1.0,0.26984164696658314,1.7367948720530486,0.9747474747474747,1.0,0.06540823720880505,0.26984164696658314,0.7105341879911586,3.1526381902921794
Feature_252,7.0,7.0,0.0,0.06540823720880505,1.0,0.26984164696658314,1.7367948720530486,0.9747474747474747,1.0,0.06540823720880505,0.26984164696658314,0.7105341879911586,3.1526381902921794
Feature_253,7.0,7.0,0.0,0.06540823720880505,1.0,0.26984164696658314,1.7367948720530486,0.9747474747474747,1.0,0.06540823720880505,0.26984164696658314,0.7105341879911586,3.1526381902921794
Feature_254,7.0,7.0,0.0,0.06540823720880505,1.0,0.26984164696658314,1.7367948720530486,0.9747474747474747,1.0,0.06540823720880505,0.26984164696658314,0.7105341879911586,3.1526381902921794
Feature_255,7.0,7.0,0.0,0.06540823720880505,1.0,0.26984164696658314,1.7367948720530486,0.9747474747474747,1.0,0.06540823720880505,0.26984164696658314,0.7105341879911586,3.1526381902921794
Feature_256,7.0,7.0,0.0,0.06540823720880505,1.0,0.26984164696658314,1.7367948720530486,0.9747474747474747,1.0,0.06540823720880505,0.26984164696658314,0.7105341879911586,3.1526381902921794
Feature_257,7.0,7.0,0.0,0.06540823720880505,1.0,0.26984164696658314,1.7367948720530486,0.9747474747474747,1.0,0.06540823720880505,0.26984164696658314,0.7105341879911586,3.1526381902921794
Feature_258,7.0,7.0,0.0,0.06540823720880505,1.0,0.26984164696658314,1.7367948720530486,0.9747474747474747,1.0,0.06540823720880505,0.26984164696658314,0.7105341879911586,3.1526381902921794
Feature_259,7.0,7.0,0.0,0.06540823720880505,1.0,0.26984164696658314,1.7367948720530486,0.9747474747474747,1.0,0.06540823720880505,0.26984164696658314,0.7105341879911586,3.1526381902921794
Feature_260,7.0,7.0,0.0,0.06540823720880505,1.0,0.26984164696658314,1.7367948720530486,0.9747474747474747,1.0,0.06540823720880505,0.26984164696658314,0.7105341879911586,3.1526381902921794
Feature_261,7.0,7.0,0.0,0.06540823720880505,1.0,0.26984164696658314,1.7367948720530486,0.9747474747474747,1.0,0.06540823720880505,0.26984164696658314,0.7105341879911586,3.1526381902921794
Feature_262,7.0,7.0,0.0,0.06540823720880505,1.0,0.26984164696658314,1.7367948720530486,0.9747474747474747,1.0,0.06540823720880505,0.26984164696658314,0.7105341879911586,3.1526381902921794
Feature_263,7.0,7.0,0.0,0.06540823720880505,1.0,0.26984164696658314,1.7367948720530486,0.9747474747474747,1.0,0.06540823720880505,0.26984164696658314,0.7105341879911586,3.1526381902921794
Feature_264,7.0,7.0,0.0,0.06540823720880505,1.0,0.26984164696658314,1.7367948720530486,0.9747474747474747,1.0,0.06540823720880505,0.26984164696658314,0.7105341879911586,3.1526381902921794
Feature_265,7.0,7.0,0.0,0.06540823720880505,1.0,0.26984164696658314,1.7367948720530486,0.9747474747474747,1.0,0.06540823720880505,0.26984164696658314,0.7105341879911586,3.1526381902921794
Feature_266,7.0,7.0,0.0,0.06540823720880505,1.0,0.26984164696658314,1.7367948720530486,0.9747474747474747,1.0,0.06540823720880505,0.26984164696658314,0.7105341879911586,3.1526381902921794
Feature_267,7.0,7.0,0.0,0.06540823720880505,1.0,0.26984164696658314,1.7367948720530486,0.9747474747474747,1.0,0.06540823720880505,0.26984164696658314,0.7105341879911586,3.1526381902921794
Feature_268,7.0,7.0,0.0,0.06540823720880505,1.0,0.26984164696658314,1.7367948720530486,0.9747474747474747,1.0,0.06540823720880505,0.26984164696658314,0.7105341879911586,3.1526381902921794
Feature_269,7.0,7.0,0.0,0.06540823720880505,1.0,0.26984164696658314,1.7367948720530486,0.9747474747474747,1.0,0.06540823720880505,0.26984164696658314,0.7105341879911586,3.1526381902921794
Feature_270,7.0,7.0,0.0,0.06540823720880505,1.0,0.26984164696658314,1.7367948720530486,0.9747474747474747,1.0,0.06540823720880505,0.26984164696658314,0.7105341879911586,3.1526381902921794
Feature_271,7.0,7.0,0.0,0.06540823720880505,1.0,0.26984164696658314,1.7367948720530486,0.9747474747474747,1.0,0.06540823720880505,0.26984164696658314,0.7105341879911586,3.1526381902921794
Feature_272,7.0,7.0,0.0,0.06540823720880505,1.0,0.26984164696658314,1.7367948720530486,0.9747474747474747,1.0,0.06540823720880505,0.26984164696658314,0.7105341879911586,3.1526381902921794
Feature_273,7.0,7.0,0.0,0.06540823720880505,1.0,0.26984164696658314,1.7367948720530486,0.9747474747474747,1.0,0.06540823720880505,0.26984164696658314,0.7105341879911586,3.1526381902921794
Feature_274,7.0,7.0,0.0,0.06540823720880505,1.0,0.26984164696658314,1.7367948720530486,0.9747474747474747,1.0,0.06540823720880505,0.26984164696658314,0.7105341879911586,3.1526381902921794
Feature_275,7.0,7.0,0.0,0.06540823720880505,1.0,0.26984164696658314,1.7367948720530486,0.9747474747474747,1.0,0.06540823720880505,0.26984164696658314,0.7105341879911586,3.1526381902921794
Feature_276,7.0,7.0,0.0,0.06540823720880505,1.0,0.26984164696658314,1.7367948720530486,0.9747474747474747,1.0,0.06540823720880505,0.26984164696658314,0.7105341879911586,3.1526381902921794
Feature_277,7.0,7.0,0.0,0.06540823720880505,1.0,0.26984164696658314,1.7367948720530486,0.9747474747474747,1.0,0.06540823720880505,0.26984164696658314,0.7105341879911586,3.1526381902921794
Feature_278,7.0,7.0,0.0,0.06540823720880505,1.0,0.26984164696658314,1.7367948720530486,0.9747474747474747,1.0,0.06540823720880505,0.26984164696658314,0.7105341879911586,3.1526381902921794
Feature_279,7.0,7.0,0.0,0.06540823720880505,1.0,0.26984164696658314,1.7367948720530486,0.9747474747474747,1.0,0.06540823720880505,0.26984164696658314,0.7105341879911586,3.1526381902921794
Feature_280,7.0,7.0,0.0,0.06540823720880505,1.0,0.26984164696658314,1.7367948720530486,0.9747474747474747,1.0,0.06540823720880505,0.26984164696658314,0.7105341879911586,3.1526381902921794
Feature_281,7.0,7.0,0.0,0.06540823720880505,1.0,0.26984164696658314,1.7367948720530486,0.9747474747474747,1.0,0.06540823720880505,0.26984164696658314,0.7105341879911586,3.1526381902921794
Feature_282,7.0,7.0,0.0,0.06540823720880505,1.0,0.26984164696658314,1.7367948720530486,0.9747474747474747,1.0,0.06540823720880505,0.26984164696658314,0.7105341879911586,3.1526381902921794
Feature_283,7.0,7.0,0.0,0.06540823720880505,1.0,0.26984164696658314,1.7367948720530486,0.9747474747474747,1.0,0.06540823720880505,0.26984164696658314,0.7105341879911586,3.1526381902921794
Feature_284,7.0,7.0,0.0,0.06540823720880505,1.0,0.26984164696658314,1.7367948720530486,0.9747474747474747,1.0,0.06540823720880505,0.26984164696658314,0.7105341879911586,3.1526381902921794
Feature_285,7.0,7.0,0.0,0.06540823720880505,1.0,0.26984164696658314,1.7367948720530486,0.9747474747474747,1.0,0.06540823720880505,0.26984164696658314,0.7105341879911586,3.1526381902921794
Feature_286,7.0,7.0,0.0,0.06540823720880505,1.0,0.26984164696658314,1.7367948720530486,0.9747474747474747,1.0,0.06540823720880505,0.26984164696658314,0.7105341879911586,3.1526381902921794
Feature_287,7.0,7.0,0.0,0.06540823720880505,1.0,0.26984164696658314,1.7367948720530486,0.9747474747474747,1.0,0.06540823720880505,0.26984164696658314,0.7105341879911586,3.1526381902921794
Feature_288,7.0,7.0,0.0,0.06540823720880505,1.0,0.26984164696658314,1.7367948720530486,0.9747474747474747,1.0,0.06540823720880505,0.26984164696658314,0.7105341879911586,3.1526381902921794
Feature_289,7.0,7.0,0.0,0.06540823720880505,1.0,0.26984164696658314,1.7367948720530486,0.9747474747474747,1.0,0.06540823720880505,0.26984164696658314,0.7105341879911586,3.1526381902921794
Feature_290,7.0,7.0,0.0,0.06540823720880505,1.0,0.26984164696658314,1.7367948720530486,0.9747474747474747,1.0,0.06540823720880505,0.26984164696658314,0.7105341879911586,3.1526381902921794
Feature_291,7.0,7.0,0.0,0.06540823720880505,1.0,0.26984164696658314,1.7367948720530486,0.9747474747474747,1.0,0.06540823720880505,0.26984164696658314,0.7105341879911586,3.1526381902921794
Feature_292,7.0,7.0,0.0,0.06540823720880505,1.0,0.26984164696658314,1.7367948720530486,0.9747474747474747,1.0,0.06540823720880505,0.26984164696658314,0.7105341879911586,3.1526381902921794
Feature_293,7.0,7.0,0.0,0.06540823720880505,1.0,0.26984164696658314,1.7367948720530486,0.9747474747474747,1.0,0.06540823720880505,0.26984164696658314,0.7105341879911586,3.1526381902921794
Feature_294,7.0,7.0,0.0,0.06540823720880505,1.0,0.26984164696658314,1.7367948720530486,0.9747474747474747,1.0,0.06540823720880505,0.26984164696658314,0.7105341879911586,3.1526381902921794
Feature_295,7.0,7.0,0.0,0.06540823720880505,1.0,0.26984164696658314,1.7367948720530486,0.9747474747474747,1.0,0.06540823720880505,0.26984164696658314,0.7105341879911586,3.1526381902921794
Feature_296,7.0,7.0,0.0,0.06540823720880505,1.0,0.26984164696658314,1.7367948720530486,0.9747474747474747,1.0,0.06540823720880505,0.26984164696658314,0.7105341879911586,3.1526381902921794
Feature_297,7.0,7.0,0.0,0.06540823720880505,1.0,0.26984164696658314,1.7367948720530486,0.9747474747474747,1.0,0.06540823720880505,0.26984164696658314,0.7105341879911586,3.1526381902921794
Feature_298,7.0,7.0,0.0,0.06540823720880505,1.0,0.26984164696658314,1.7367948720530486,0.9747474747474747,1.0,0.06540823720880505,0.26984164696658314,0.7105341879911586,3.1526381902921794
Feature_299,7.0,7.0,0.0,0.06540823720880505,1.0,0.26984164696658314,1.7367948720530486,0.9747474747474747,1.0,0.06540823720880505,0.26984164696658314,0.7105341879911586,3.1526381902921794
Feature_300,7.0,7.0,0.0,0.06540823720880505,1.0,0.26984164696658314,1.7367948720530486,0.9747474747474747,1.0,0.06540823720880505,0.26984164696658314,0.7105341879911586,3.1526381902921794
Feature_301,7.0,7.0,0.0,0.06540823720880505,1.0,0.26984164696658314,1.7367948720530486,0.9747474747474747,1.0,0.06540823720880505,0.26984164696658314,0.7105341879911586,3.1526381902921794
Feature_302,7.0,7.0,0.0,0.06540823720880505,1.0,0.26984164696658314,1.7367948720530486,0.9747474747474747,1.0,0.06540823720880505,0.26984164696658314,0.7105341879911586,3.1526381902921794
Feature_303,7.0,7.0,0.0,0.06540823720880505,1.0,0.26984164696658314,1.7367948720530486,0.9747474747474747,1.0,0.06540823720880505,0.26984164696658314,0.7105341879911586,3.1526381902921794
Feature_304,7.0,7.0,0.0,0.06540823720880505,1.0,0.26984164696658314,1.7367948720530486,0.9747474747474747,1.0,0.06540823720880505,0.26984164696658314,0.7105341879911586,3.1526381902921794
Feature_305,7.0,7.0,0.0,0.06540823720880505,1.0,0.26984164696658314,1.7367948720530486,0.9747474747474747,1.0,0.06540823720880505,0.26984164696658314,0.7105341879911586,3.1526381902921794
Feature_306,7.0,7.0,0.0,0.06540823720880505,1.0,0.26984164696658314,1.7367948720530486,0.9747474747474747,1.0,0.06540823720880505,0.26984164696658314,0.7105341879911586,3.1526381902921794
Feature_307,7.0,7.0,0.0,0.06540823720880505,1.0,0.26984164696658314,1.7367948720530486,0.9747474747474747,1.0,0.06540823720880505,0.26984164696658314,0.7105341879911586,3.1526381902921794
Feature_308,7.0,7.0,0.0,0.06540823720880505,1.0,0.26984164696658314,1.7367948720530486,0.9747474747474747,1.0,0.06540823720880505,0.26984164696658314,0.7105341879911586,3.1526381902921794
Feature_309,7.0,7.0,0.0,0.06540823720880505,1.0,0.26984164696658314,1.7367948720530486,0.9747474747474747,1.0,0.06540823720880505,0.26984164696658314,0.7105341879911586,3.1526381902921794
Feature_310,7.0,7.0,0.0,0.06540823720880505,1.0,0.26984164696658314,1.7367948720530486,0.9747474747474747,1.0,0.06540823720880505,0.26984164696658314,0.7105341879911586,3.1526381902921794
Feature_311,7.0,7.0,0.0,0.06540823720880505,1.0,0.26984164696658314,1.7367948720530486,0.9747474747474747,1.0,0.06540823720880505,0.26984164696658314,0.7105341879911586,3.1526381902921794
Feature_312,7.0,7.0,0.0,0.06540823720880505,1.0,0.26984164696658314,1.7367948720530486,0.9747474747474747,1.0,0.06540823720880505,0.26984164696658314,0.7105341879911586,3.1526381902921794
Feature_313,7.0,7.0,0.0,0.06540823720880505,1.0,0.26984164696658314,1.7367948720530486,0.9747474747474747,1.0,0.06540823720880505,0.26984164696658314,0.7105341879911586,3.1526381902921794
Feature_314,7.0,7.0,0.0,0.06540823720880505,1.0,0.26984164696658314,1.7367948720530486,0.9747474747474747,1.0,0.06540823720880505,0.26984164696658314,0.7105341879911586,3.1526381902921794
Feature_315,7.0,7.0,0.0,0.06540823720880505,1.0,0.26984164696658314,1.7367948720530486,0.9747474747474747,1.0,0.06540823720880505,0.26984164696658314,0.7105341879911586,3.1526381902921794
Feature_316,7.0,7.0,0.0,0.06540823720880505,1.0,0.26984164696658314,1.7367948720530486,0.9747474747474747,1.0,0.06540823720880505,0.26984164696658314,0.7105341879911586,3.1526381902921794
Feature_317,7.0,7.0,0.0,0.06540823720880505,1.0,0.26984164696658314,1.7367948720530486,0.9747474747474747,1.0,0.06540823720880505,0.26984164696658314,0.7105341879911586,3.1526381902921794
Feature_318,7.0,7.0,0.0,0.06540823720880505,1.0,0.26984164696658314,1.7367948720530486,0.9747474747474747,1.0,0.06540823720880505,0.26984164696658314,0.7105341879911586,3.1526381902921794
Feature_319,7.0,7.0,0.0,0.06540823720880505,1.0,0.26984164696658314,1.7367948720530486,0.9747474747474747,1.0,0.06540823720880505,0.26984164696658314,0.7105341879911586,3.1526381902921794
Feature_320,7.0,7.0,0.0,0.06540823720880505,1.0,0.26984164696658314,1.7367948720530486,0.9747474747474747,1.0,0.06540823720880505,0.26984164696658314,0.7105341879911586,3.1526381902921794
Feature_321,7.0,7.0,0.0,0.06540823720880505,1.0,0.26984164696658314,1.7367948720530486,0.9747474747474747,1.0,0.06540823720880505,0.26984164696658314,0.7105341879911586,3.1526381902921794
Feature_322,7.0,7.0,0.0,0.06540823720880505,1.0,0.26984164696658314,1.7367948720530486,0.9747474747474747,1.0,0.06540823720880505,0.26984164696658314,0.7105341879911586,3.1526381902921794
Feature_323,7.0,7.0,0.0,0.06540823720880505,1.0,0.26984164696658314,1.7367948720530486,0.9747474747474747,1.0,0.06540823720880505,0.26984164696658314,0.7105341879911586,3.1526381902921794
Feature_324,7.0,7.0,0.0,0.06540823720880505,1.0,0.26984164696658314,1.7367948720530486,0.9747474747474747,1.0,0.06540823720880505,0.26984164696658314,0.7105341879911586,3.1526381902921794
Feature_325,7.0,7.0,0.0,0.06540823720880505,1.0,0.26984164696658314,1.7367948720530486,0.9747474747474747,1.0,0.06540823720880505,0.26984164696658314,0.7105341879911586,3.1526381902921794
Feature_326,7.0,7.0,0.0,0.06540823720880505,1.0,0.26984164696658314,1.7367948720530486,0.9747474747474747,1.0,0.06540823720880505,0.26984164696658314,0.7105341879911586,3.1526381902921794
Feature_327,7.0,7.0,0.0,0.06540823720880505,1.0,0.26984164696658314,1.7367948720530486,0.9747474747474747,1.0,0.06540823720880505,0.26984164696658314,0.7105341879911586,3.1526381902921794
Feature_328,7.0,7.0,0.0,0.06540823720880505,1.0,0.26984164696658314,1.7367948720530486,0.9747474747474747,1.0,0.06540823720880505,0.26984164696658314,0.7105341879911586,3.1526381902921794
Feature_329,7.0,7.0,0.0,0.06540823720880505,1.0,0.26984164696658314,1.7367948720530486,0.9747474747474747,1.0,0.06540823720880505,0.26984164696658314,0.7105341879911586,3.1526381902921794
Feature_330,7.0,7.0,0.0,0.06540823720880505,1.0,0.26984164696658314,1.7367948720530486,0.9747474747474747,1.0,0.06540823720880505,0.26984164696658314,0.7105341879911586,3.1526381902921794
Feature_331,7.0,7.0,0.0,0.06540823720880505,1.0,0.26984164696658314,1.7367948720530486,0.9747474747474747,1.0,0.06540823720880505,0.26984164696658314,0.7105341879911586,3.1526381902921794
Feature_332,7.0,7.0,0.0,0.06540823720880505,1.0,0.26984164696658314,1.7367948720530486,0.9747474747474747,1.0,0.06540823720880505,0.26984164696658314,0.7105341879911586,3.1526381902921794
Feature_333,7.0,7.0,0.0,0.06540823720880505,1.0,0.26984164696658314,1.7367948720530486,0.9747474747474747,1.0,0.06540823720880505,0.26984164696658314,0.7105341879911586,3.1526381902921794
Feature_334,7.0,7.0,0.0,0.06540823720880505,1.0,0.26984164696658314,1.7367948720530486,0.9747474747474747,1.0,0.06540823720880505,0.26984164696658314,0.7105341879911586,3.1526381902921794
Feature_335,7.0,7.0,0.0,0.06540823720880505,1.0,0.26984164696658314,1.7367948720530486,0.9747474747474747,1.0,0.06540823720880505,0.26984164696658314,0.7105341879911586,3.1526381902921794
Feature_336,7.0,7.0,0.0,0.06540823720880505,1.0,0.26984164696658314,1.7367948720530486,0.9747474747474747,1.0,0.06540823720880505,0.26984164696658314,0.7105341879911586,3.1526381902921794
Feature_337,7.0,7.0,0.0,0.06540823720880505,1.0,0.26984164696658314,1.7367948720530486,0.9747474747474747,1.0,0.06540823720880505,0.26984164696658314,0.7105341879911586,3.1526381902921794
Feature_338,7.0,7.0,0.0,0.06540823720880505,1.0,0.26984164696658314,1.7367948720530486,0.9747474747474747,1.0,0.06540823720880505,0.26984164696658314,0.7105341879911586,3.1526381902921794
Feature_339,7.0,7.0,0.0,0.06540823720880505,1.0,0.26984164696658314,1.7367948720530486,0.9747474747474747,1.0,0.06540823720880505,0.26984164696658314,0.7105341879911586,3.1526381902921794
Feature_340,7.0,7.0,0.0,0.06540823720880505,1.0,0.26984164696658314,1.7367948720530486,0.9747474747474747,1.0,0.06540823720880505,0.26984164696658314,0.7105341879911586,3.1526381902921794
Feature_341,7.0,7.0,0.0,0.06540823720880505,1.0,0.26984164696658314,1.7367948720530486,0.9747474747474747,1.0,0.06540823720880505,0.26984164696658314,0.7105341879911586,3.1526381902921794
Feature_342,7.0,7.0,0.0,0.06540823720880505,1.0,0.26984164696658314,1.7367948720530486,0.9747474747474747,1.0,0.06540823720880505,0.26984164696658314,0.7105341879911586,3.1526381902921794
Feature_343,7.0,7.0,0.0,0.06540823720880505,1.0,0.26984164696658314,1.7367948720530486,0.9747474747474747,1.0,0.06540823720880505,0.26984164696658314,0.7105341879911586,3.1526381902921794
Feature_344,7.0,7.0,0.0,0.06540823720880505,1.0,0.26984164696658314,1.7367948720530486,0.9747474747474747,1.0,0.06540823720880505,0.26984164696658314,0.7105341879911586,3.1526381902921794
Feature_345,7.0,7.0,0.0,0.06540823720880505,1.0,0.26984164696658314,1.7367948720530486,0.9747474747474747,1.0,0.06540823720880505,0.26984164696658314,0.7105341879911586,3.1526381902921794
Feature_346,7.0,7.0,0.0,0.06540823720880505,1.0,0.26984164696658314,1.7367948720530486,0.9747474747474747,1.0,0.06540823720880505,0.26984164696658314,0.7105341879911586,3.1526381902921794
Feature_347,7.0,7.0,0.0,0.06540823720880505,1.0,0.26984164696658314,1.7367948720530486,0.9747474747474747,1.0,0.06540823720880505,0.26984164696658314,0.7105341879911586,3.1526381902921794
Feature_348,7.0,7.0,0.0,0.06540823720880505,1.0,0.26984164696658314,1.7367948720530486,0.9747474747474747,1.0,0.06540823720880505,0.26984164696658314,0.7105341879911586,3.1526381902921794
Feature_349,7.0,7.0,0.0,0.06540823720880505,1.0,0.26984164696658314,1.7367948720530486,0.9747474747474747,1.0,0.06540823720880505,0.26984164696658314,0.7105341879911586,3.1526381902921794
Feature_350,7.0,7.0,0.0,0.06540823720880505,1.0,0.26984164696658314,1.7367948720530486,0.9747474747474747,1.0,0.06540823720880505,0.26984164696658314,0.7105341879911586,3.1526381902921794
Feature_351,7.0,7.0,0.0,0.06540823720880505,1.0,0.26984164696658314,1.7367948720530486,0.9747474747474747,1.0,0.06540823720880505,0.26984164696658314,0.7105341879911586,3.1526381902921794
Feature_352,7.0,7.0,0.0,0.06540823720880505,1.0,0.26984164696658314,1.7367948720530486,0.9747474747474747,1.0,0.06540823720880505,0.26984164696658314,0.7105341879911586,3.1526381902921794
Feature_353,7.0,7.0,0.0,0.06540823720880505,1.0,0.26984164696658314,1.7367948720530486,0.9747474747474747,1.0,0.06540823720880505,0.26984164696658314,0.7105341879911586,3.1526381902921794
Feature_354,7.0,7.0,0.0,0.06540823720880505,1.0,0.26984164696658314,1.7367948720530486,0.9747474747474747,1.0,0.06540823720880505,0.26984164696658314,0.7105341879911586,3.1526381902921794
Feature_355,7.0,7.0,0.0,0.06540823720880505,1.0,0.26984164696658314,1.7367948720530486,0.9747474747474747,1.0,0.06540823720880505,0.26984164696658314,0.7105341879911586,3.1526381902921794
Feature_356,7.0,7.0,0.0,0.06540823720880505,1.0,0.26984164696658314,1.7367948720530486,0.9747474747474747,1.0,0.06540823720880505,0.26984164696658314,0.7105341879911586,3.1526381902921794
Feature_357,7.0,7.0,0.0,0.06540823720880505,1.0,0.26984164696658314,1.7367948720530486,0.9747474747474747,1.0,0.06540823720880505,0.26984164696658314,0.7105341879911586,3.1526381902921794
Feature_358,7.0,7.0,0.0,0.06540823720880505,1.0,0.26984164696658314,1.7367948720530486,0.9747474747474747,1.0,0.06540823720880505,0.26984164696658314,0.7105341879911586,3.1526381902921794
Feature_359,7.0,7.0,0.0,0.06540823720880505,1.0,0.26984164696658314,1.7367948720530486,0.9747474747474747,1.0,0.06540823720880505,0.26984164696658314,0.7105341879911586,3.1526381902921794
Feature_360,7.0,7.0,0.0,0.06540823720880505,1.0,0.26984164696658314,1.7367948720530486,0.9747474747474747,1.0,0.06540823720880505,0.26984164696658314,0.7105341879911586,3.1526381902921794
Feature_361,7.0,7.0,0.0,0.06540823720880505,1.0,0.26984164696658314,1.7367948720530486,0.9747474747474747,1.0,0.06540823720880505,0.26984164696658314,0.7105341879911586,3.1526381902921794
Feature_362,7.0,7.0,0.0,0.06540823720880505,1.0,0.26984164696658314,1.7367948720530486,0.9747474747474747,1.0,0.06540823720880505,0.26984164696658314,0.7105341879911586,3.1526381902921794
Feature_363,7.0,7.0,0.0,0.06540823720880505,1.0,0.26984164696658314,1.7367948720530486,0.9747474747474747,1.0,0.06540823720880505,0.26984164696658314,0.7105341879911586,3.1526381902921794
Feature_364,7.0,7.0,0.0,0.06540823720880505,1.0,0.26984164696658314,1.7367948720530486,0.9747474747474747,1.0,0.06540823720880505,0.26984164696658314,0.7105341879911586,3.1526381902921794
Feature_365,7.0,7.0,0.0,0.06540823720880505,1.0,0.26984164696658314,1.7367948720530486,0.9747474747474747,1.0,0.06540823720880505,0.26984164696658314,0.7105341879911586,3.1526381902921794
Feature_366,7.0,7.0,0.0,0.06540823720880505,1.0,0.26984164696658314,1.7367948720530486,0.9747474747474747,1.0,0.06540823720880505,0.26984164696658314,0.7105341879911586,3.1526381902921794
Feature_367,7.0,7.0,0.0,0.06540823720880505,1.0,0.26984164696658314,1.7367948720530486,0.9747474747474747,1.0,0.06540823720880505,0.26984164696658314,0.7105341879911586,3.1526381902921794
Feature_368,7.0,7.0,0.0,0.06540823720880505,1.0,0.26984164696658314,1.7367948720530486,0.9747474747474747,1.0,0.06540823720880505,0.26984164696658314,0.7105341879911586,3.1526381902921794
Feature_369,7.0,7.0,0.0,0.06540823720880505,1.0,0.26984164696658314,1.7367948720530486,0.9747474747474747,1.0,0.06540823720880505,0.26984164696658314,0.7105341879911586,3.1526381902921794
Feature_370,7.0,7.0,0.0,0.06540823720880505,1.0,0.26984164696658314,1.7367948720530486,0.9747474747474747,1.0,0.06540823720880505,0.26984164696658314,0.7105341879911586,3.1526381902921794
Feature_371,7.0,7.0,0.0,0.06540823720880505,1.0,0.26984164696658314,1.7367948720530486,0.9747474747474747,1.0,0.06540823720880505,0.26984164696658314,0.7105341879911586,3.1526381902921794
Feature_372,7.0,7.0,0.0,0.06540823720880505,1.0,0.26984164696658314,1.7367948720530486,0.9747474747474747,1.0,0.06540823720880505,0.26984164696658314,0.7105341879911586,3.1526381902921794
Feature_373,7.0,7.0,0.0,0.06540823720880505,1.0,0.26984164696658314,1.7367948720530486,0.9747474747474747,1.0,0.06540823720880505,0.26984164696658314,0.7105341879911586,3.1526381902921794
Feature_374,7.0,7.0,0.0,0.06540823720880505,1.0,0.26984164696658314,1.7367948720530486,0.9747474747474747,1.0,0.06540823720880505,0.26984164696658314,0.7105341879911586,3.1526381902921794
Feature_375,7.0,7.0,0.0,0.06540823720880505,1.0,0.26984164696658314,1.7367948720530486,0.9747474747474747,1.0,0.06540823720880505,0.26984164696658314,0.7105341879911586,3.1526381902921794
Feature_376,7.0,7.0,0.0,0.06540823720880505,1.0,0.26984164696658314,1.7367948720530486,0.9747474747474747,1.0,0.06540823720880505,0.26984164696658314,0.7105341879911586,3.1526381902921794
Feature_377,7.0,7.0,0.0,0.06540823720880505,1.0,0.26984164696658314,1.7367948720530486,0.9747474747474747,1.0,0.06540823720880505,0.26984164696658314,0.7105341879911586,3.1526381902921794
Feature_378,7.0,7.0,0.0,0.06540823720880505,1.0,0.26984164696658314,1.7367948720530486,0.9747474747474747,1.0,0.06540823720880505,0.26984164696658314,0.7105341879911586,3.1526381902921794
Feature_379,7.0,7.0,0.0,0.06540823720880505,1.0,0.26984164696658314,1.7367948720530486,0.9747474747474747,1.0,0.06540823720880505,0.26984164696658314,0.7105341879911586,3.1526381902921794
Feature_380,7.0,7.0,0.0,0.06540823720880505,1.0,0.26984164696658314,1.7367948720530486,0.9747474747474747,1.0,0.06540823720880505,0.26984164696658314,0.7105341879911586,3.1526381902921794
Feature_381,7.0,7.0,0.0,0.06540823720880505,1.0,0.26984164696658314,1.7367948720530486,0.9747474747474747,1.0,0.06540823720880505,0.26984164696658314,0.7105341879911586,3.1526381902921794
Feature_382,7.0,7.0,0.0,0.06540823720880505,1.0,0.26984164696658314,1.7367948720530486,0.9747474747474747,1.0,0.06540823720880505,0.26984164696658314,0.7105341879911586,3.1526381902921794
Feature_383,7.0,7.0,0.0,0.06540823720880505,1.0,0.26984164696658314,1.7367948720530486,0.9747474747474747,1.0,0.06540823720880505,0.26984164696658314,0.7105341879911586,3.1526381902921794
Feature_384,7.0,7.0,0.0,0.06540823720880505,1.0,0.26984164696658314,1.7367948720530486,0.9747474747474747,1.0,0.06540823720880505,0.26984164696658314,0.7105341879911586,3.1526381902921794
Feature_385,7.0,7.0,0.0,0.06540823720880505,1.0,0.26984164696658314,1.7367948720530486,0.9747474747474747,1.0,0.06540823720880505,0.26984164696658314,0.7105341879911586,3.1526381902921794
Feature_386,7.0,7.0,0.0,0.06540823720880505,1.0,0.26984164696658314,1.7367948720530486,0.9747474747474747,1.0,0.06540823720880505,0.26984164696658314,0.7105341879911586,3.1526381902921794
Feature_387,7.0,7.0,0.0,0.06540823720880505,1.0,0.26984164696658314,1.7367948720530486,0.9747474747474747,1.0,0.06540823720880505,0.26984164696658314,0.7105341879911586,3.1526381902921794
Feature_388,7.0,7.0,0.0,0.06540823720880505,1.0,0.26984164696658314,1.7367948720530486,0.9747474747474747,1.0,0.06540823720880505,0.26984164696658314,0.7105341879911586,3.1526381902921794
Feature_389,7.0,7.0,0.0,0.06540823720880505,1.0,0.26984164696658314,1.7367948720530486,0.9747474747474747,1.0,0.06540823720880505,0.26984164696658314,0.7105341879911586,3.1526381902921794
Feature_390,7.0,7.0,0.0,0.06540823720880505,1.0,0.26984164696658314,1.7367948720530486,0.9747474747474747,1.0,0.06540823720880505,0.26984164696658314,0.7105341879911586,3.1526381902921794
Feature_391,7.0,7.0,0.0,0.06540823720880505,1.0,0.26984164696658314,1.7367948720530486,0.9747474747474747,1.0,0.06540823720880505,0.26984164696658314,0.7105341879911586,3.1526381902921794
Feature_392,7.0,7.0,0.0,0.06540823720880505,1.0,0.26984164696658314,1.7367948720530486,0.9747474747474747,1.0,0.06540823720880505,0.26984164696658314,0.7105341879911586,3.1526381902921794
Feature_393,7.0,7.0,0.0,0.06540823720880505,1.0,0.26984164696658314,1.7367948720530486,0.9747474747474747,1.0,0.06540823720880505,0.26984164696658314,0.7105341879911586,3.1526381902921794
Feature_394,7.0,7.0,0.0,0.06540823720880505,1.0,0.26984164696658314,1.7367948720530486,0.9747474747474747,1.0,0.06540823720880505,0.26984164696658314,0.7105341879911586,3.1526381902921794
Feature_395,7.0,7.0,0.0,0.06540823720880505,1.0,0.26984164696658314,1.7367948720530486,0.9747474747474747,1.0,0.06540823720880505,0.26984164696658314,0.7105341879911586,3.1526381902921794
Feature_396,7.0,7.0,0.0,0.06540823720880505,1.0,0.26984164696658314,1.7367948720530486,0.9747474747474747,1.0,0.06540823720880505,0.26984164696658314,0.7105341879911586,3.1526381902921794
Feature_397,7.0,7.0,0.0,0.06540823720880505,1.0,0.26984164696658314,1.7367948720530486,0.9747474747474747,1.0,0.06540823720880505,0.26984164696658314,0.7105341879911586,3.1526381902921794
Feature_398,7.0,7.0,0.0,0.06540823720880505,1.0,0.26984164696658314,1.7367948720530486,0.9747474747474747,1.0,0.06540823720880505,0.26984164696658314,0.7105341879911586,3.1526381902921794
Feature_399,7.0,7.0,0.0,0.06540823720880505,1.0,0.26984164696658314,1.7367948720530486,0.9747474747474747,1.0,0.06540823720880505,0.26984164696658314,0.7105341879911586,3.1526381902921794
Feature_400,7.0,7.0,0.0,0.06540823720880505,1.0,0.26984164696658314,1.7367948720530486,0.9747474747474747,1.0,0.06540823720880505,0.26984164696658314,0.7105341879911586,3.1526381902921794
Feature_401,7.0,7.0,0.0,0.06540823720880505,1.0,0.26984164696658314,1.7367948720530486,0.9747474747474747,1.0,0.06540823720880505,0.26984164696658314,0.7105341879911586,3.1526381902921794
Feature_402,7.0,7.0,0.0,0.06540823720880505,1.0,0.26984164696658314,1.7367948720530486,0.9747474747474747,1.0,0.06540823720880505,0.26984164696658314,0.7105341879911586,3.1526381902921794
Feature_403,7.0,7.0,0.0,0.06540823720880505,1.0,0.26984164696658314,1.7367948720530486,0.9747474747474747,1.0,0.06540823720880505,0.26984164696658314,0.7105341879911586,3.1526381902921794
Feature_404,7.0,7.0,0.0,0.06540823720880505,1.0,0.26984164696658314,1.7367948720530486,0.9747474747474747,1.0,0.06540823720880505,0.26984164696658314,0.7105341879911586,3.1526381902921794
Feature_405,7.0,7.0,0.0,0.06540823720880505,1.0,0.26984164696658314,1.7367948720530486,0.9747474747474747,1.0,0.06540823720880505,0.26984164696658314,0.7105341879911586,3.1526381902921794
Feature_406,7.0,7.0,0.0,0.06540823720880505,1.0,0.26984164696658314,1.7367948720530486,0.9747474747474747,1.0,0.06540823720880505,0.26984164696658314,0.7105341879911586,3.1526381902921794
Feature_407,7.0,7.0,0.0,0.06540823720880505,1.0,0.26984164696658314,1.7367948720530486,0.9747474747474747,1.0,0.06540823720880505,0.26984164696658314,0.7105341879911586,3.1526381902921794
Feature_408,7.0,7.0,0.0,0.06540823720880505,1.0,0.26984164696658314,1.7367948720530486,0.9747474747474747,1.0,0.06540823720880505,0.26984164696658314,0.7105341879911586,3.1526381902921794
Feature_409,7.0,7.0,0.0,0.06540823720880505,1.0,0.26984164696658314,1.7367948720530486,0.9747474747474747,1.0,0.06540823720880505,0.26984164696658314,0.7105341879911586,3.1526381902921794
Feature_410,7.0,7.0,0.0,0.06540823720880505,1.0,0.26984164696658314,1.7367948720530486,0.9747474747474747,1.0,0.06540823720880505,0.26984164696658314,0.7105341879911586,3.1526381902921794
Feature_411,7.0,7.0,0.0,0.06540823720880505,1.0,0.26984164696658314,1.7367948720530486,0.9747474747474747,1.0,0.06540823720880505,0.26984164696658314,0.7105341879911586,3.1526381902921794
Feature_412,7.0,7.0,0.0,0.06540823720880505,1.0,0.26984164696658314,1.7367948720530486,0.9747474747474747,1.0,0.06540823720880505,0.26984164696658314,0.7105341879911586,3.1526381902921794
Feature_413,7.0,7.0,0.0,0.06540823720880505,1.0,0.26984164696658314,1.7367948720530486,0.9747474747474747,1.0,0.06540823720880505,0.26984164696658314,0.7105341879911586,3.1526381902921794
Feature_414,7.0,7.0,0.0,0.06540823720880505,1.0,0.26984164696658314,1.7367948720530486,0.9747474747474747,1.0,0.06540823720880505,0.26984164696658314,0.7105341879911586,3.1526381902921794
Feature_415,7.0,7.0,0.0,0.06540823720880505,1.0,0.26984164696658314,1.7367948720530486,0.9747474747474747,1.0,0.06540823720880505,0.26984164696658314,0.7105341879911586,3.1526381902921794
Feature_416,7.0,7.0,0.0,0.06540823720880505,1.0,0.26984164696658314,1.7367948720530486,0.9747474747474747,1.0,0.06540823720880505,0.26984164696658314,0.7105341879911586,3.1526381902921794
Feature_417,7.0,7.0,0.0,0.06540823720880505,1.0,0.26984164696658314,1.7367948720530486,0.9747474747474747,1.0,0.06540823720880505,0.26984164696658314,0.7105341879911586,3.1526381902921794
Feature_418,7.0,7.0,0.0,0.06540823720880505,1.0,0.26984164696658314,1.7367948720530486,0.9747474747474747,1.0,0.06540823720880505,0.26984164696658314,0.7105341879911586,3.1526381902921794
Feature_419,7.0,7.0,0.0,0.06540823720880505,1.0,0.26984164696658314,1.7367948720530486,0.9747474747474747,1.0,0.06540823720880505,0.26984164696658314,0.7105341879911586,3.1526381902921794
Feature_420,7.0,7.0,0.0,0.06540823720880505,1.0,0.26984164696658314,1.7367948720530486,0.9747474747474747,1.0,0.06540823720880505,0.26984164696658314,0.7105341879911586,3.1526381902921794
Feature_421,7.0,7.0,0.0,0.06540823720880505,1.0,0.26984164696658314,1.7367948720530486,0.9747474747474747,1.0,0.06540823720880505,0.26984164696658314,0.7105341879911586,3.1526381902921794
Feature_422,7.0,7.0,0.0,0.06540823720880505,1.0,0.26984164696658314,1.7367948720530486,0.9747474747474747,1.0,0.06540823720880505,0.26984164696658314,0.7105341879911586,3.1526381902921794
Feature_423,7.0,7.0,0.0,0.06540823720880505,1.0,0.26984164696658314,1.7367948720530486,0.9747474747474747,1.0,0.06540823720880505,0.26984164696658314,0.7105341879911586,3.1526381902921794
Feature_424,7.0,7.0,0.0,0.06540823720880505,1.0,0.26984164696658314,1.7367948720530486,0.9747474747474747,1.0,0.06540823720880505,0.26984164696658314,0.7105341879911586,3.1526381902921794
Feature_425,7.0,7.0,0.0,0.06540823720880505,1.0,0.26984164696658314,1.7367948720530486,0.9747474747474747,1.0,0.06540823720880505,0.26984164696658314,0.7105341879911586,3.1526381902921794
Feature_426,7.0,7.0,0.0,0.06540823720880505,1.0,0.26984164696658314,1.7367948720530486,0.9747474747474747,1.0,0.06540823720880505,0.26984164696658314,0.7105341879911586,3.1526381902921794
Feature_427,7.0,7.0,0.0,0.06540823720880505,1.0,0.26984164696658314,1.7367948720530486,0.9747474747474747,1.0,0.06540823720880505,0.26984164696658314,0.7105341879911586,3.1526381902921794
Feature_428,7.0,7.0,0.0,0.06540823720880505,1.0,0.26984164696658314,1.7367948720530486,0.9747474747474747,1.0,0.06540823720880505,0.26984164696658314,0.7105341879911586,3.1526381902921794
Feature_429,7.0,7.0,0.0,0.06540823720880505,1.0,0.26984164696658314,1.7367948720530486,0.9747474747474747,1.0,0.06540823720880505,0.26984164696658314,0.7105341879911586,3.1526381902921794
Feature_430,7.0,7.0,0.0,0.06540823720880505,1.0,0.26984164696658314,1.7367948720530486,0.9747474747474747,1.0,0.06540823720880505,0.26984164696658314,0.7105341879911586,3.1526381902921794
Feature_431,7.0,7.0,0.0,0.06540823720880505,1.0,0.26984164696658314,1.7367948720530486,0.9747474747474747,1.0,0.06540823720880505,0.26984164696658314,0.7105341879911586,3.1526381902921794
Feature_432,7.0,7.0,0.0,0.06540823720880505,1.0,0.26984164696658314,1.7367948720530486,0.9747474747474747,1.0,0.06540823720880505,0.26984164696658314,0.7105341879911586,3.1526381902921794
Feature_433,7.0,7.0,0.0,0.06540823720880505,1.0,0.26984164696658314,1.7367948720530486,0.9747474747474747,1.0,0.06540823720880505,0.26984164696658314,0.7105341879911586,3.1526381902921794
Feature_434,7.0,7.0,0.0,0.06540823720880505,1.0,0.26984164696658314,1.7367948720530486,0.9747474747474747,1.0,0.06540823720880505,0.26984164696658314,0.7105341879911586,3.1526381902921794
Feature_435,7.0,7.0,0.0,0.06540823720880505,1.0,0.26984164696658314,1.7367948720530486,0.9747474747474747,1.0,0.06540823720880505,0.26984164696658314,0.7105341879911586,3.1526381902921794
Feature_436,7.0,7.0,0.0,0.06540823720880505,1.0,0.26984164696658314,1.7367948720530486,0.9747474747474747,1.0,0.06540823720880505,0.26984164696658314,0.7105341879911586,3.1526381902921794
Feature_437,7.0,7.0,0.0,0.06540823720880505,1.0,0.26984164696658314,1.7367948720530486,0.9747474747474747,1.0,0.06540823720880505,0.26984164696658314,0.7105341879911586,3.1526381902921794
Feature_438,7.0,7.0,0.0,0.06540823720880505,1.0,0.26984164696658314,1.7367948720530486,0.9747474747474747,1.0,0.06540823720880505,0.26984164696658314,0.7105341879911586,3.1526381902921794
Feature_439,7.0,7.0,0.0,0.06540823720880505,1.0,0.26984164696658314,1.7367948720530486,0.9747474747474747,1.0,0.06540823720880505,0.26984164696658314,0.7105341879911586,3.1526381902921794
Feature_440,7.0,7.0,0.0,0.06540823720880505,1.0,0.26984164696658314,1.7367948720530486,0.9747474747474747,1.0,0.06540823720880505,0.26984164696658314,0.7105341879911586,3.1526381902921794
Feature_441,7.0,7.0,0.0,0.06540823720880505,1.0,0.26984164696658314,1.7367948720530486,0.9747474747474747,1.0,0.06540823720880505,0.26984164696658314,0.7105341879911586,3.1526381902921794
Feature_442,7.0,7.0,0.0,0.06540823720880505,1.0,0.26984164696658314,1.7367948720530486,0.9747474747474747,1.0,0.06540823720880505,0.26984164696658314,0.7105341879911586,3.1526381902921794
Feature_443,7.0,7.0,0.0,0.06540823720880505,1.0,0.26984164696658314,1.7367948720530486,0.9747474747474747,1.0,0.06540823720880505,0.26984164696658314,0.7105341879911586,3.1526381902921794
Feature_444,7.0,7.0,0.0,0.06540823720880505,1.0,0.26984164696658314,1.7367948720530486,0.9747474747474747,1.0,0.06540823720880505,0.26984164696658314,0.7105341879911586,3.1526381902921794
Feature_445,7.0,7.0,0.0,0.06540823720880505,1.0,0.26984164696658314,1.7367948720530486,0.9747474747474747,1.0,0.06540823720880505,0.26984164696658314,0.7105341879911586,3.1526381902921794
Feature_446,7.0,7.0,0.0,0.06540823720880505,1.0,0.26984164696658314,1.7367948720530486,0.9747474747474747,1.0,0.06540823720880505,0.26984164696658314,0.7105341879911586,3.1526381902921794
Feature_447,7.0,7.0,0.0,0.06540823720880505,1.0,0.26984164696658314,1.7367948720530486,0.9747474747474747,1.0,0.06540823720880505,0.26984164696658314,0.7105341879911586,3.1526381902921794
Feature_448,7.0,7.0,0.0,0.06540823720880505,1.0,0.26984164696658314,1.7367948720530486,0.9747474747474747,1.0,0.06540823720880505,0.26984164696658314,0.7105341879911586,3.1526381902921794
Feature_449,7.0,7.0,0.0,0.06540823720880505,1.0,0.26984164696658314,1.7367948720530486,0.9747474747474747,1.0,0.06540823720880505,0.26984164696658314,0.7105341879911586,3.1526381902921794
Feature_450,7.0,7.0,0.0,0.06540823720880505,1.0,0.26984164696658314,1.7367948720530486,0.9747474747474747,1.0,0.06540823720880505,0.26984164696658314,0.7105341879911586,3.1526381902921794
Feature_451,7.0,7.0,0.0,0.06540823720880505,1.0,0.26984164696658314,1.7367948720530486,0.9747474747474747,1.0,0.06540823720880505,0.26984164696658314,0.7105341879911586,3.1526381902921794
Feature_452,7.0,7.0,0.0,0.06540823720880505,1.0,0.26984164696658314,1.7367948720530486,0.9747474747474747,1.0,0.06540823720880505,0.26984164696658314,0.7105341879911586,3.1526381902921794
Feature_453,7.0,7.0,0.0,0.06540823720880505,1.0,0.26984164696658314,1.7367948720530486,0.9747474747474747,1.0,0.06540823720880505,0.26984164696658314,0.7105341879911586,3.1526381902921794
Feature_454,7.0,7.0,0.0,0.06540823720880505,1.0,0.26984164696658314,1.7367948720530486,0.9747474747474747,1.0,0.06540823720880505,0.26984164696658314,0.7105341879911586,3.1526381902921794
Feature_455,7.0,7.0,0.0,0.06540823720880505,1.0,0.26984164696658314,1.7367948720530486,0.9747474747474747,1.0,0.06540823720880505,0.26984164696658314,0.7105341879911586,3.1526381902921794
Feature_456,7.0,7.0,0.0,0.06540823720880505,1.0,0.26984164696658314,1.7367948720530486,0.9747474747474747,1.0,0.06540823720880505,0.26984164696658314,0.7105341879911586,3.1526381902921794
Feature_457,7.0,7.0,0.0,0.06540823720880505,1.0,0.26984164696658314,1.7367948720530486,0.9747474747474747,1.0,0.06540823720880505,0.26984164696658314,0.7105341879911586,3.1526381902921794
Feature_458,7.0,7.0,0.0,0.06540823720880505,1.0,0.26984164696658314,1.7367948720530486,0.9747474747474747,1.0,0.06540823720880505,0.26984164696658314,0.7105341879911586,3.1526381902921794
Feature_459,7.0,7.0,0.0,0.06540823720880505,1.0,0.26984164696658314,1.7367948720530486,0.9747474747474747,1.0,0.06540823720880505,0.26984164696658314,0.7105341879911586,3.1526381902921794
Feature_460,7.0,7.0,0.0,0.06540823720880505,1.0,0.26984164696658314,1.7367948720530486,0.9747474747474747,1.0,0.06540823720880505,0.26984164696658314,0.7105341879911586,3.1526381902921794
Feature_461,7.0,7.0,0.0,0.06540823720880505,1.0,0.26984164696658314,1.7367948720530486,0.9747474747474747,1.0,0.06540823720880505,0.26984164696658314,0.7105341879911586,3.1526381902921794
Feature_462,7.0,7.0,0.0,0.06540823720880505,1.0,0.26984164696658314,1.7367948720530486,0.9747474747474747,1.0,0.06540823720880505,0.26984164696658314,0.7105341879911586,3.1526381902921794
Feature_463,7.0,7.0,0.0,0.06540823720880505,1.0,0.26984164696658314,1.7367948720530486,0.9747474747474747,1.0,0.06540823720880505,0.26984164696658314,0.7105341879911586,3.1526381902921794
Feature_464,7.0,7.0,0.0,0.06540823720880505,1.0,0.26984164696658314,1.7367948720530486,0.9747474747474747,1.0,0.06540823720880505,0.26984164696658314,0.7105341879911586,3.1526381902921794
Feature_465,7.0,7.0,0.0,0.06540823720880505,1.0,0.26984164696658314,1.7367948720530486,0.9747474747474747,1.0,0.06540823720880505,0.26984164696658314,0.7105341879911586,3.1526381902921794
Feature_466,7.0,7.0,0.0,0.06540823720880505,1.0,0.26984164696658314,1.7367948720530486,0.9747474747474747,1.0,0.06540823720880505,0.26984164696658314,0.7105341879911586,3.1526381902921794
Feature_467,7.0,7.0,0.0,0.06540823720880505,1.0,0.26984164696658314,1.7367948720530486,0.9747474747474747,1.0,0.06540823720880505,0.26984164696658314,0.7105341879911586,3.1526381902921794
Feature_468,7.0,7.0,0.0,0.06540823720880505,1.0,0.26984164696658314,1.7367948720530486,0.9747474747474747,1.0,0.06540823720880505,0.26984164696658314,0.7105341879911586,3.1526381902921794
Feature_469,7.0,7.0,0.0,0.06540823720880505,1.0,0.26984164696658314,1.7367948720530486,0.9747474747474747,1.0,0.06540823720880505,0.26984164696658314,0.7105341879911586,3.1526381902921794
Feature_470,7.0,7.0,0.0,0.06540823720880505,1.0,0.26984164696658314,1.7367948720530486,0.9747474747474747,1.0,0.06540823720880505,0.26984164696658314,0.7105341879911586,3.1526381902921794
Feature_471,7.0,7.0,0.0,0.06540823720880505,1.0,0.26984164696658314,1.7367948720530486,0.9747474747474747,1.0,0.06540823720880505,0.26984164696658314,0.7105341879911586,3.1526381902921794
Feature_472,7.0,7.0,0.0,0.06540823720880505,1.0,0.26984164696658314,1.7367948720530486,0.9747474747474747,1.0,0.06540823720880505,0.26984164696658314,0.7105341879911586,3.1526381902921794
Feature_473,7.0,7.0,0.0,0.06540823720880505,1.0,0.26984164696658314,1.7367948720530486,0.9747474747474747,1.0,0.06540823720880505,0.26984164696658314,0.7105341879911586,3.1526381902921794
Feature_474,7.0,7.0,0.0,0.06540823720880505,1.0,0.26984164696658314,1.7367948720530486,0.9747474747474747,1.0,0.06540823720880505,0.26984164696658314,0.7105341879911586,3.1526381902921794
Feature_475,7.0,7.0,0.0,0.06540823720880505,1.0,0.26984164696658314,1.7367948720530486,0.9747474747474747,1.0,0.06540823720880505,0.26984164696658314,0.7105341879911586,3.1526381902921794
Feature_476,7.0,7.0,0.0,0.06540823720880505,1.0,0.26984164696658314,1.7367948720530486,0.9747474747474747,1.0,0.06540823720880505,0.26984164696658314,0.7105341879911586,3.1526381902921794
Feature_477,7.0,7.0,0.0,0.06540823720880505,1.0,0.26984164696658314,1.7367948720530486,0.9747474747474747,1.0,0.06540823720880505,0.26984164696658314,0.7105341879911586,3.1526381902921794
Feature_478,7.0,7.0,0.0,0.06540823720880505,1.0,0.26984164696658314,1.7367948720530486,0.9747474747474747,1.0,0.06540823720880505,0.26984164696658314,0.7105341879911586,3.1526381902921794
Feature_479,7.0,7.0,0.0,0.06540823720880505,1.0,0.26984164696658314,1.7367948720530486,0.9747474747474747,1.0,0.06540823720880505,0.26984164696658314,0.7105341879911586,3.1526381902921794
Feature_480,7.0,7.0,0.0,0.06540823720880505,1.0,0.26984164696658314,1.7367948720530486,0.9747474747474747,1.0,0.06540823720880505,0.26984164696658314,0.7105341879911586,3.1526381902921794
Feature_481,7.0,7.0,0.0,0.06540823720880505,1.0,0.26984164696658314,1.7367948720530486,0.9747474747474747,1.0,0.06540823720880505,0.26984164696658314,0.7105341879911586,3.1526381902921794
Feature_482,7.0,7.0,0.0,0.06540823720880505,1.0,0.26984164696658314,1.7367948720530486,0.9747474747474747,1.0,0.06540823720880505,0.26984164696658314,0.7105341879911586,3.1526381902921794
Feature_483,7.0,7.0,0.0,0.06540823720880505,1.0,0.26984164696658314,1.7367948720530486,0.9747474747474747,1.0,0.06540823720880505,0.26984164696658314,0.7105341879911586,3.1526381902921794
Feature_484,7.0,7.0,0.0,0.06540823720880505,1.0,0.26984164696658314,1.7367948720530486,0.9747474747474747,1.0,0.06540823720880505,0.26984164696658314,0.7105341879911586,3.1526381902921794
Feature_485,7.0,7.0,0.0,0.06540823720880505,1.0,0.26984164696658314,1.7367948720530486,0.9747474747474747,1.0,0.06540823720880505,0.26984164696658314,0.7105341879911586,3.1526381902921794
Feature_486,7.0,7.0,0.0,0.06540823720880505,1.0,0.26984164696658314,1.7367948720530486,0.9747474747474747,1.0,0.06540823720880505,0.26984164696658314,0.7105341879911586,3.1526381902921794
Feature_487,7.0,7.0,0.0,0.06540823720880505,1.0,0.26984164696658314,1.7367948720530486,0.9747474747474747,1.0,0.06540823720880505,0.26984164696658314,0.7105341879911586,3.1526381902921794
Feature_488,7.0,7.0,0.0,0.06540823720880505,1.0,0.26984164696658314,1.7367948720530486,0.9747474747474747,1.0,0.06540823720880505,0.26984164696658314,0.7105341879911586,3.1526381902921794
Feature_489,7.0,7.0,0.0,0.06540823720880505,1.0,0.26984164696658314,1.7367948720530486,0.9747474747474747,1.0,0.06540823720880505,0.26984164696658314,0.7105341879911586,3.1526381902921794
Feature_490,7.0,7.0,0.0,0.06540823720880505,1.0,0.26984164696658314,1.7367948720530486,0.9747474747474747,1.0,0.06540823720880505,0.26984164696658314,0.7105341879911586,3.1526381902921794
Feature_491,7.0,7.0,0.0,0.06540823720880505,1.0,0.26984164696658314,1.7367948720530486,0.9747474747474747,1.0,0.06540823720880505,0.26984164696658314,0.7105341879911586,3.1526381902921794
Feature_492,7.0,7.0,0.0,0.06540823720880505,1.0,0.26984164696658314,1.7367948720530486,0.9747474747474747,1.0,0.06540823720880505,0.26984164696658314,0.7105341879911586,3.1526381902921794
Feature_493,7.0,7.0,0.0,0.06540823720880505,1.0,0.26984164696658314,1.7367948720530486,0.9747474747474747,1.0,0.06540823720880505,0.26984164696658314,0.7105341879911586,3.1526381902921794
Feature_494,7.0,7.0,0.0,0.06540823720880505,1.0,0.26984164696658314,1.7367948720530486,0.9747474747474747,1.0,0.06540823720880505,0.26984164696658314,0.7105341879911586,3.1526381902921794
Feature_495,7.0,7.0,0.0,0.06540823720880505,1.0,0.26984164696658314,1.7367948720530486,0.9747474747474747,1.0,0.06540823720880505,0.26984164696658314,0.7105341879911586,3.1526381902921794
Feature_496,7.0,7.0,0.0,0.06540823720880505,1.0,0.26984164696658314,1.7367948720530486,0.9747474747474747,1.0,0.06540823720880505,0.26984164696658314,0.7105341879911586,3.1526381902921794
Feature_497,7.0,7.0,0.0,0.06540823720880505,1.0,0.26984164696658314,1.7367948720530486,0.9747474747474747,1.0,0.06540823720880505,0.26984164696658314,0.7105341879911586,3.1526381902921794
Feature_498,7.0,7.0,0.0,0.06540823720880505,1.0,0.26984164696658314,1.7367948720530486,0.9747474747474747,1.0,0.06540823720880505,0.26984164696658314,0.7105341879911586,3.1526381902921794
Feature_499,7.0,7.0,0.0,0.06540823720880505,1.0,0.26984164696658314,1.7367948720530486,0.9747474747474747,1.0,0.06540823720880505,0.26984164696658314,0.7105341879911586,3.1526381902921794
Feature_500,7.0,7.0,0.0,0.06540823720880505,1.0,0.26984164696658314,1.7367948720530486,0.9747474747474747,1.0,0.06540823720880505,0.26984164696658314,0.7105341879911586,3.1526381902921794
Feature_501,7.0,7.0,0.0,0.06540823720880505,1.0,0.26984164696658314,1.7367948720530486,0.9747474747474747,1.0,0.06540823720880505,0.26984164696658314,0.7105341879911586,3.1526381902921794
Feature_502,7.0,7.0,0.0,0.06540823720880505,1.0,0.26984164696658314,1.7367948720530486,0.9747474747474747,1.0,0.06540823720880505,0.26984164696658314,0.7105341879911586,3.1526381902921794
Feature_503,7.0,7.0,0.0,0.06540823720880505,1.0,0.26984164696658314,1.7367948720530486,0.9747474747474747,1.0,0.06540823720880505,0.26984164696658314,0.7105341879911586,3.1526381902921794
Feature_504,7.0,7.0,0.0,0.06540823720880505,1.0,0.26984164696658314,1.7367948720530486,0.9747474747474747,1.0,0.06540823720880505,0.26984164696658314,0.7105341879911586,3.1526381902921794
Feature_505,7.0,7.0,0.0,0.06540823720880505,1.0,0.26984164696658314,1.7367948720530486,0.9747474747474747,1.0,0.06540823720880505,0.26984164696658314,0.7105341879911586,3.1526381902921794
Feature_506,7.0,7.0,0.0,0.06540823720880505,1.0,0.26984164696658314,1.7367948720530486,0.9747474747474747,1.0,0.06540823720880505,0.26984164696658314,0.7105341879911586,3.1526381902921794
Feature_507,7.0,7.0,0.0,0.06540823720880505,1.0,0.26984164696658314,1.7367948720530486,0.9747474747474747,1.0,0.06540823720880505,0.26984164696658314,0.7105341879911586,3.1526381902921794
Feature_508,7.0,7.0,0.0,0.06540823720880505,1.0,0.26984164696658314,1.7367948720530486,0.9747474747474747,1.0,0.06540823720880505,0.26984164696658314,0.7105341879911586,3.1526381902921794
Feature_509,7.0,7.0,0.0,0.06540823720880505,1.0,0.26984164696658314,1.7367948720530486,0.9747474747474747,1.0,0.06540823720880505,0.26984164696658314,0.7105341879911586,3.1526381902921794
Feature_510,7.0,7.0,0.0,0.06540823720880505,1.0,0.26984164696658314,1.7367948720530486,0.9747474747474747,1.0,0.06540823720880505,0.26984164696658314,0.7105341879911586,3.1526381902921794
Feature_511,7.0,7.0,0.0,0.06540823720880505,1.0,0.26984164696658314,1.7367948720530486,0.9747474747474747,1.0,0.06540823720880505,0.26984164696658314,0.7105341879911586,3.1526381902921794
Feature_512,7.0,7.0,0.0,0.06540823720880505,1.0,0.26984164696658314,1.7367948720530486,0.9747474747474747,1.0,0.06540823720880505,0.26984164696658314,0.7105341879911586,3.1526381902921794
Feature_513,7.0,7.0,0.0,0.06540823720880505,1.0,0.26984164696658314,1.7367948720530486,0.9747474747474747,1.0,0.06540823720880505,0.26984164696658314,0.7105341879911586,3.1526381902921794
Feature_514,7.0,7.0,0.0,0.06540823720880505,1.0,0.26984164696658314,1.7367948720530486,0.9747474747474747,1.0,0.06540823720880505,0.26984164696658314,0.7105341879911586,3.1526381902921794
Feature_515,7.0,7.0,0.0,0.06540823720880505,1.0,0.26984164696658314,1.7367948720530486,0.9747474747474747,1.0,0.06540823720880505,0.26984164696658314,0.7105341879911586,3.1526381902921794
Feature_516,7.0,7.0,0.0,0.06540823720880505,1.0,0.26984164696658314,1.7367948720530486,0.9747474747474747,1.0,0.06540823720880505,0.26984164696658314,0.7105341879911586,3.1526381902921794
Feature_517,7.0,7.0,0.0,0.06540823720880505,1.0,0.26984164696658314,1.7367948720530486,0.9747474747474747,1.0,0.06540823720880505,0.26984164696658314,0.7105341879911586,3.1526381902921794
Feature_518,7.0,7.0,0.0,0.06540823720880505,1.0,0.26984164696658314,1.7367948720530486,0.9747474747474747,1.0,0.06540823720880505,0.26984164696658314,0.7105341879911586,3.1526381902921794
Feature_519,7.0,7.0,0.0,0.06540823720880505,1.0,0.26984164696658314,1.7367948720530486,0.9747474747474747,1.0,0.06540823720880505,0.26984164696658314,0.7105341879911586,3.1526381902921794
Feature_520,7.0,7.0,0.0,0.06540823720880505,1.0,0.26984164696658314,1.7367948720530486,0.9747474747474747,1.0,0.06540823720880505,0.26984164696658314,0.7105341879911586,3.1526381902921794
Feature_521,7.0,7.0,0.0,0.06540823720880505,1.0,0.26984164696658314,1.7367948720530486,0.9747474747474747,1.0,0.06540823720880505,0.26984164696658314,0.7105341879911586,3.1526381902921794
Feature_522,7.0,7.0,0.0,0.06540823720880505,1.0,0.26984164696658314,1.7367948720530486,0.9747474747474747,1.0,0.06540823720880505,0.26984164696658314,0.7105341879911586,3.1526381902921794
Feature_523,7.0,7.0,0.0,0.06540823720880505,1.0,0.26984164696658314,1.7367948720530486,0.9747474747474747,1.0,0.06540823720880505,0.26984164696658314,0.7105341879911586,3.1526381902921794
Feature_524,7.0,7.0,0.0,0.06540823720880505,1.0,0.26984164696658314,1.7367948720530486,0.9747474747474747,1.0,0.06540823720880505,0.26984164696658314,0.7105341879911586,3.1526381902921794
Feature_525,7.0,7.0,0.0,0.06540823720880505,1.0,0.26984164696658314,1.7367948720530486,0.9747474747474747,1.0,0.06540823720880505,0.26984164696658314,0.7105341879911586,3.1526381902921794
Feature_526,7.0,7.0,0.0,0.06540823720880505,1.0,0.26984164696658314,1.7367948720530486,0.9747474747474747,1.0,0.06540823720880505,0.26984164696658314,0.7105341879911586,3.1526381902921794
Feature_527,7.0,7.0,0.0,0.06540823720880505,1.0,0.26984164696658314,1.7367948720530486,0.9747474747474747,1.0,0.06540823720880505,0.26984164696658314,0.7105341879911586,3.1526381902921794
Feature_528,7.0,7.0,0.0,0.06540823720880505,1.0,0.26984164696658314,1.7367948720530486,0.9747474747474747,1.0,0.06540823720880505,0.26984164696658314,0.7105341879911586,3.1526381902921794
Feature_529,7.0,7.0,0.0,0.06540823720880505,1.0,0.26984164696658314,1.7367948720530486,0.9747474747474747,1.0,0.06540823720880505,0.26984164696658314,0.7105341879911586,3.1526381902921794
Feature_530,7.0,7.0,0.0,0.06540823720880505,1.0,0.26984164696658314,1.7367948720530486,0.9747474747474747,1.0,0.06540823720880505,0.26984164696658314,0.7105341879911586,3.1526381902921794
Feature_531,7.0,7.0,0.0,0.06540823720880505,1.0,0.26984164696658314,1.7367948720530486,0.9747474747474747,1.0,0.06540823720880505,0.26984164696658314,0.7105341879911586,3.1526381902921794
Feature_532,7.0,7.0,0.0,0.06540823720880505,1.0,0.26984164696658314,1.7367948720530486,0.9747474747474747,1.0,0.06540823720880505,0.26984164696658314,0.7105341879911586,3.1526381902921794
Feature_533,7.0,7.0,0.0,0.06540823720880505,1.0,0.26984164696658314,1.7367948720530486,0.9747474747474747,1.0,0.06540823720880505,0.26984164696658314,0.7105341879911586,3.1526381902921794
Feature_534,7.0,7.0,0.0,0.06540823720880505,1.0,0.26984164696658314,1.7367948720530486,0.9747474747474747,1.0,0.06540823720880505,0.26984164696658314,0.7105341879911586,3.1526381902921794
Feature_535,7.0,7.0,0.0,0.06540823720880505,1.0,0.26984164696658314,1.7367948720530486,0.9747474747474747,1.0,0.06540823720880505,0.26984164696658314,0.7105341879911586,3.1526381902921794
Feature_536,7.0,7.0,0.0,0.06540823720880505,1.0,0.26984164696658314,1.7367948720530486,0.9747474747474747,1.0,0.06540823720880505,0.26984164696658314,0.7105341879911586,3.1526381902921794
Feature_537,7.0,7.0,0.0,0.06540823720880505,1.0,0.26984164696658314,1.7367948720530486,0.9747474747474747,1.0,0.06540823720880505,0.26984164696658314,0.7105341879911586,3.1526381902921794
Feature_538,7.0,7.0,0.0,0.06540823720880505,1.0,0.26984164696658314,1.7367948720530486,0.9747474747474747,1.0,0.06540823720880505,0.26984164696658314,0.7105341879911586,3.1526381902921794
Feature_539,7.0,7.0,0.0,0.06540823720880505,1.0,0.26984164696658314,1.7367948720530486,0.9747474747474747,1.0,0.06540823720880505,0.26984164696658314,0.7105341879911586,3.1526381902921794
Feature_540,7.0,7.0,0.0,0.06540823720880505,1.0,0.26984164696658314,1.7367948720530486,0.9747474747474747,1.0,0.06540823720880505,0.26984164696658314,0.7105341879911586,3.1526381902921794
Feature_541,7.0,7.0,0.0,0.06540823720880505,1.0,0.26984164696658314,1.7367948720530486,0.9747474747474747,1.0,0.06540823720880505,0.26984164696658314,0.7105341879911586,3.1526381902921794
Feature_542,7.0,7.0,0.0,0.06540823720880505,1.0,0.26984164696658314,1.7367948720530486,0.9747474747474747,1.0,0.06540823720880505,0.26984164696658314,0.7105341879911586,3.1526381902921794
Feature_543,7.0,7.0,0.0,0.06540823720880505,1.0,0.26984164696658314,1.7367948720530486,0.9747474747474747,1.0,0.06540823720880505,0.26984164696658314,0.7105341879911586,3.1526381902921794
Feature_544,7.0,7.0,0.0,0.06540823720880505,1.0,0.26984164696658314,1.7367948720530486,0.9747474747474747,1.0,0.06540823720880505,0.26984164696658314,0.7105341879911586,3.1526381902921794
Feature_545,7.0,7.0,0.0,0.06540823720880505,1.0,0.26984164696658314,1.7367948720530486,0.9747474747474747,1.0,0.06540823720880505,0.26984164696658314,0.7105341879911586,3.1526381902921794
Feature_546,7.0,7.0,0.0,0.06540823720880505,1.0,0.26984164696658314,1.7367948720530486,0.9747474747474747,1.0,0.06540823720880505,0.26984164696658314,0.7105341879911586,3.1526381902921794
Feature_547,7.0,7.0,0.0,0.06540823720880505,1.0,0.26984164696658314,1.7367948720530486,0.9747474747474747,1.0,0.06540823720880505,0.26984164696658314,0.7105341879911586,3.1526381902921794
Feature_548,7.0,7.0,0.0,0.06540823720880505,1.0,0.26984164696658314,1.7367948720530486,0.9747474747474747,1.0,0.06540823720880505,0.26984164696658314,0.7105341879911586,3.1526381902921794
Feature_549,7.0,7.0,0.0,0.06540823720880505,1.0,0.26984164696658314,1.7367948720530486,0.9747474747474747,1.0,0.06540823720880505,0.26984164696658314,0.7105341879911586,3.1526381902921794
Feature_550,7.0,7.0,0.0,0.06540823720880505,1.0,0.26984164696658314,1.7367948720530486,0.9747474747474747,1.0,0.06540823720880505,0.26984164696658314,0.7105341879911586,3.1526381902921794
Feature_551,7.0,7.0,0.0,0.06540823720880505,1.0,0.26984164696658314,1.7367948720530486,0.9747474747474747,1.0,0.06540823720880505,0.26984164696658314,0.7105341879911586,3.1526381902921794
Feature_552,7.0,7.0,0.0,0.06540823720880505,1.0,0.26984164696658314,1.7367948720530486,0.9747474747474747,1.0,0.06540823720880505,0.26984164696658314,0.7105341879911586,3.1526381902921794
Feature_553,7.0,7.0,0.0,0.06540823720880505,1.0,0.26984164696658314,1.7367948720530486,0.9747474747474747,1.0,0.06540823720880505,0.26984164696658314,0.7105341879911586,3.1526381902921794
Feature_554,7.0,7.0,0.0,0.06540823720880505,1.0,0.26984164696658314,1.7367948720530486,0.9747474747474747,1.0,0.06540823720880505,0.26984164696658314,0.7105341879911586,3.1526381902921794
Feature_555,7.0,7.0,0.0,0.06540823720880505,1.0,0.26984164696658314,1.7367948720530486,0.9747474747474747,1.0,0.06540823720880505,0.26984164696658314,0.7105341879911586,3.1526381902921794
Feature_556,7.0,7.0,0.0,0.06540823720880505,1.0,0.26984164696658314,1.7367948720530486,0.9747474747474747,1.0,0.06540823720880505,0.26984164696658314,0.7105341879911586,3.1526381902921794
Feature_557,7.0,7.0,0.0,0.06540823720880505,1.0,0.26984164696658314,1.7367948720530486,0.9747474747474747,1.0,0.06540823720880505,0.26984164696658314,0.7105341879911586,3.1526381902921794
Feature_558,7.0,7.0,0.0,0.06540823720880505,1.0,0.26984164696658314,1.7367948720530486,0.9747474747474747,1.0,0.06540823720880505,0.26984164696658314,0.7105341879911586,3.1526381902921794
Feature_559,7.0,7.0,0.0,0.06540823720880505,1.0,0.26984164696658314,1.7367948720530486,0.9747474747474747,1.0,0.06540823720880505,0.26984164696658314,0.7105341879911586,3.1526381902921794
Feature_560,7.0,7.0,0.0,0.06540823720880505,1.0,0.26984164696658314,1.7367948720530486,0.9747474747474747,1.0,0.06540823720880505,0.26984164696658314,0.7105341879911586,3.1526381902921794
Feature_561,7.0,7.0,0.0,0.06540823720880505,1.0,0.26984164696658314,1.7367948720530486,0.9747474747474747,1.0,0.06540823720880505,0.26984164696658314,0.7105341879911586,3.1526381902921794
Feature_562,7.0,7.0,0.0,0.06540823720880505,1.0,0.26984164696658314,1.7367948720530486,0.9747474747474747,1.0,0.06540823720880505,0.26984164696658314,0.7105341879911586,3.1526381902921794
Feature_563,7.0,7.0,0.0,0.06540823720880505,1.0,0.26984164696658314,1.7367948720530486,0.9747474747474747,1.0,0.06540823720880505,0.26984164696658314,0.7105341879911586,3.1526381902921794
Feature_564,7.0,7.0,0.0,0.06540823720880505,1.0,0.26984164696658314,1.7367948720530486,0.9747474747474747,1.0,0.06540823720880505,0.26984164696658314,0.7105341879911586,3.1526381902921794
Feature_565,7.0,7.0,0.0,0.06540823720880505,1.0,0.26984164696658314,1.7367948720530486,0.9747474747474747,1.0,0.06540823720880505,0.26984164696658314,0.7105341879911586,3.1526381902921794
Feature_566,7.0,7.0,0.0,0.06540823720880505,1.0,0.26984164696658314,1.7367948720530486,0.9747474747474747,1.0,0.06540823720880505,0.26984164696658314,0.7105341879911586,3.1526381902921794
Feature_567,7.0,7.0,0.0,0.06540823720880505,1.0,0.26984164696658314,1.7367948720530486,0.9747474747474747,1.0,0.06540823720880505,0.26984164696658314,0.7105341879911586,3.1526381902921794
Feature_568,7.0,7.0,0.0,0.06540823720880505,1.0,0.26984164696658314,1.7367948720530486,0.9747474747474747,1.0,0.06540823720880505,0.26984164696658314,0.7105341879911586,3.1526381902921794
Feature_569,7.0,7.0,0.0,0.06540823720880505,1.0,0.26984164696658314,1.7367948720530486,0.9747474747474747,1.0,0.06540823720880505,0.26984164696658314,0.7105341879911586,3.1526381902921794
Feature_570,7.0,7.0,0.0,0.06540823720880505,1.0,0.26984164696658314,1.7367948720530486,0.9747474747474747,1.0,0.06540823720880505,0.26984164696658314,0.7105341879911586,3.1526381902921794
Feature_571,7.0,7.0,0.0,0.06540823720880505,1.0,0.26984164696658314,1.7367948720530486,0.9747474747474747,1.0,0.06540823720880505,0.26984164696658314,0.7105341879911586,3.1526381902921794
Feature_572,7.0,7.0,0.0,0.06540823720880505,1.0,0.26984164696658314,1.7367948720530486,0.9747474747474747,1.0,0.06540823720880505,0.26984164696658314,0.7105341879911586,3.1526381902921794
Feature_573,7.0,7.0,0.0,0.06540823720880505,1.0,0.26984164696658314,1.7367948720530486,0.9747474747474747,1.0,0.06540823720880505,0.26984164696658314,0.7105341879911586,3.1526381902921794
Feature_574,7.0,7.0,0.0,0.06540823720880505,1.0,0.26984164696658314,1.7367948720530486,0.9747474747474747,1.0,0.06540823720880505,0.26984164696658314,0.7105341879911586,3.1526381902921794
Feature_575,7.0,7.0,0.0,0.06540823720880505,1.0,0.26984164696658314,1.7367948720530486,0.9747474747474747,1.0,0.06540823720880505,0.26984164696658314,0.7105341879911586,3.1526381902921794
Feature_576,7.0,7.0,0.0,0.06540823720880505,1.0,0.26984164696658314,1.7367948720530486,0.9747474747474747,1.0,0.06540823720880505,0.26984164696658314,0.7105341879911586,3.1526381902921794
Feature_577,7.0,7.0,0.0,0.06540823720880505,1.0,0.26984164696658314,1.7367948720530486,0.9747474747474747,1.0,0.06540823720880505,0.26984164696658314,0.7105341879911586,3.1526381902921794
Feature_578,7.0,7.0,0.0,0.06540823720880505,1.0,0.26984164696658314,1.7367948720530486,0.9747474747474747,1.0,0.06540823720880505,0.26984164696658314,0.7105341879911586,3.1526381902921794
Feature_579,7.0,7.0,0.0,0.06540823720880505,1.0,0.26984164696658314,1.7367948720530486,0.9747474747474747,1.0,0.06540823720880505,0.26984164696658314,0.7105341879911586,3.1526381902921794
Feature_580,7.0,7.0,0.0,0.06540823720880505,1.0,0.26984164696658314,1.7367948720530486,0.9747474747474747,1.0,0.06540823720880505,0.26984164696658314,0.7105341879911586,3.1526381902921794
Feature_581,7.0,7.0,0.0,0.06540823720880505,1.0,0.26984164696658314,1.7367948720530486,0.9747474747474747,1.0,0.06540823720880505,0.26984164696658314,0.7105341879911586,3.1526381902921794
Feature_582,7.0,7.0,0.0,0.06540823720880505,1.0,0.26984164696658314,1.7367948720530486,0.9747474747474747,1.0,0.06540823720880505,0.26984164696658314,0.7105341879911586,3.1526381902921794
Feature_583,7.0,7.0,0.0,0.06540823720880505,1.0,0.26984164696658314,1.7367948720530486,0.9747474747474747,1.0,0.06540823720880505,0.26984164696658314,0.7105341879911586,3.1526381902921794
Feature_584,7.0,7.0,0.0,0.06540823720880505,1.0,0.26984164696658314,1.7367948720530486,0.9747474747474747,1.0,0.06540823720880505,0.26984164696658314,0.7105341879911586,3.1526381902921794
Feature_585,7.0,7.0,0.0,0.06540823720880505,1.0,0.26984164696658314,1.7367948720530486,0.9747474747474747,1.0,0.06540823720880505,0.26984164696658314,0.7105341879911586,3.1526381902921794
Feature_586,7.0,7.0,0.0,0.06540823720880505,1.0,0.26984164696658314,1.7367948720530486,0.9747474747474747,1.0,0.06540823720880505,0.26984164696658314,0.7105341879911586,3.1526381902921794
Feature_587,7.0,7.0,0.0,0.06540823720880505,1.0,0.26984164696658314,1.7367948720530486,0.9747474747474747,1.0,0.06540823720880505,0.26984164696658314,0.7105341879911586,3.1526381902921794
Feature_588,7.0,7.0,0.0,0.06540823720880505,1.0,0.26984164696658314,1.7367948720530486,0.9747474747474747,1.0,0.06540823720880505,0.26984164696658314,0.7105341879911586,3.1526381902921794
Feature_589,7.0,7.0,0.0,0.06540823720880505,1.0,0.26984164696658314,1.7367948720530486,0.9747474747474747,1.0,0.06540823720880505,0.26984164696658314,0.7105341879911586,3.1526381902921794
Feature_590,7.0,7.0,0.0,0.06540823720880505,1.0,0.26984164696658314,1.7367948720530486,0.9747474747474747,1.0,0.06540823720880505,0.26984164696658314,0.7105341879911586,3.1526381902921794
Feature_591,7.0,7.0,0.0,0.06540823720880505,1.0,0.26984164696658314,1.7367948720530486,0.9747474747474747,1.0,0.06540823720880505,0.26984164696658314,0.7105341879911586,3.1526381902921794
Feature_592,7.0,7.0,0.0,0.06540823720880505,1.0,0.26984164696658314,1.7367948720530486,0.9747474747474747,1.0,0.06540823720880505,0.26984164696658314,0.7105341879911586,3.1526381902921794
Feature_593,7.0,7.0,0.0,0.06540823720880505,1.0,0.26984164696658314,1.7367948720530486,0.9747474747474747,1.0,0.06540823720880505,0.26984164696658314,0.7105341879911586,3.1526381902921794
Feature_594,7.0,7.0,0.0,0.06540823720880505,1.0,0.26984164696658314,1.7367948720530486,0.9747474747474747,1.0,0.06540823720880505,0.26984164696658314,0.7105341879911586,3.1526381902921794
Feature_595,7.0,7.0,0.0,0.06540823720880505,1.0,0.26984164696658314,1.7367948720530486,0.9747474747474747,1.0,0.06540823720880505,0.26984164696658314,0.7105341879911586,3.1526381902921794
Feature_596,7.0,7.0,0.0,0.06540823720880505,1.0,0.26984164696658314,1.7367948720530486,0.9747474747474747,1.0,0.06540823720880505,0.26984164696658314,0.7105341879911586,3.1526381902921794
Feature_597,7.0,7.0,0.0,0.06540823720880505,1.0,0.26984164696658314,1.7367948720530486,0.9747474747474747,1.0,0.06540823720880505,0.26984164696658314,0.7105341879911586,3.1526381902921794
Feature_598,7.0,7.0,0.0,0.06540823720880505,1.0,0.26984164696658314,1.7367948720530486,0.9747474747474747,1.0,0.06540823720880505,0.26984164696658314,0.7105341879911586,3.1526381902921794
Feature_599,7.0,7.0,0.0,0.06540823720880505,1.0,0.26984164696658314,1.7367948720530486,0.9747474747474747,1.0,0.06540823720880505,0.26984164696658314,0.7105341879911586,3.1526381902921794
Feature_600,7.0,7.0,0.0,0.06540823720880505,1.0,0.26984164696658314,1.7367948720530486,0.9747474747474747,1.0,0.06540823720880505,0.26984164696658314,0.7105341879911586,3.1526381902921794
Feature_601,7.0,7.0,0.0,0.06540823720880505,1.0,0.26984164696658314,1.7367948720530486,0.9747474747474747,1.0,0.06540823720880505,0.26984164696658314,0.7105341879911586,3.1526381902921794
Feature_602,7.0,7.0,0.0,0.06540823720880505,1.0,0.26984164696658314,1.7367948720530486,0.9747474747474747,1.0,0.06540823720880505,0.26984164696658314,0.7105341879911586,3.1526381902921794
Feature_603,7.0,7.0,0.0,0.06540823720880505,1.0,0.26984164696658314,1.7367948720530486,0.9747474747474747,1.0,0.06540823720880505,0.26984164696658314,0.7105341879911586,3.1526381902921794
Feature_604,7.0,7.0,0.0,0.06540823720880505,1.0,0.26984164696658314,1.7367948720530486,0.9747474747474747,1.0,0.06540823720880505,0.26984164696658314,0.7105341879911586,3.1526381902921794
Feature_605,7.0,7.0,0.0,0.06540823720880505,1.0,0.26984164696658314,1.7367948720530486,0.9747474747474747,1.0,0.06540823720880505,0.26984164696658314,0.7105341879911586,3.1526381902921794
Feature_606,7.0,7.0,0.0,0.06540823720880505,1.0,0.26984164696658314,1.7367948720530486,0.9747474747474747,1.0,0.06540823720880505,0.26984164696658314,0.7105341879911586,3.1526381902921794
Feature_607,7.0,7.0,0.0,0.06540823720880505,1.0,0.26984164696658314,1.7367948720530486,0.9747474747474747,1.0,0.06540823720880505,0.26984164696658314,0.7105341879911586,3.1526381902921794
Feature_608,7.0,7.0,0.0,0.06540823720880505,1.0,0.26984164696658314,1.7367948720530486,0.9747474747474747,1.0,0.06540823720880505,0.26984164696658314,0.7105341879911586,3.1526381902921794
Feature_609,7.0,7.0,0.0,0.06540823720880505,1.0,0.26984164696658314,1.7367948720530486,0.9747474747474747,1.0,0.06540823720880505,0.26984164696658314,0.7105341879911586,3.1526381902921794
Feature_610,7.0,7.0,0.0,0.06540823720880505,1.0,0.26984164696658314,1.7367948720530486,0.9747474747474747,1.0,0.06540823720880505,0.26984164696658314,0.7105341879911586,3.1526381902921794
Feature_611,7.0,7.0,0.0,0.06540823720880505,1.0,0.26984164696658314,1.7367948720530486,0.9747474747474747,1.0,0.06540823720880505,0.26984164696658314,0.7105341879911586,3.1526381902921794
Feature_612,7.0,7.0,0.0,0.06540823720880505,1.0,0.26984164696658314,1.7367948720530486,0.9747474747474747,1.0,0.06540823720880505,0.26984164696658314,0.7105341879911586,3.1526381902921794
Feature_613,7.0,7.0,0.0,0.06540823720880505,1.0,0.26984164696658314,1.7367948720530486,0.9747474747474747,1.0,0.06540823720880505,0.26984164696658314,0.7105341879911586,3.1526381902921794
Feature_614,7.0,7.0,0.0,0.06540823720880505,1.0,0.26984164696658314,1.7367948720530486,0.9747474747474747,1.0,0.06540823720880505,0.26984164696658314,0.7105341879911586,3.1526381902921794
Feature_615,7.0,7.0,0.0,0.06540823720880505,1.0,0.26984164696658314,1.7367948720530486,0.9747474747474747,1.0,0.06540823720880505,0.26984164696658314,0.7105341879911586,3.1526381902921794
Feature_616,7.0,7.0,0.0,0.06540823720880505,1.0,0.26984164696658314,1.7367948720530486,0.9747474747474747,1.0,0.06540823720880505,0.26984164696658314,0.7105341879911586,3.1526381902921794
Feature_617,7.0,7.0,0.0,0.06540823720880505,1.0,0.26984164696658314,1.7367948720530486,0.9747474747474747,1.0,0.06540823720880505,0.26984164696658314,0.7105341879911586,3.1526381902921794
Feature_618,7.0,7.0,0.0,0.06540823720880505,1.0,0.26984164696658314,1.7367948720530486,0.9747474747474747,1.0,0.06540823720880505,0.26984164696658314,0.7105341879911586,3.1526381902921794
Feature_619,7.0,7.0,0.0,0.06540823720880505,1.0,0.26984164696658314,1.7367948720530486,0.9747474747474747,1.0,0.06540823720880505,0.26984164696658314,0.7105341879911586,3.1526381902921794
Feature_620,7.0,7.0,0.0,0.06540823720880505,1.0,0.26984164696658314,1.7367948720530486,0.9747474747474747,1.0,0.06540823720880505,0.26984164696658314,0.7105341879911586,3.1526381902921794
Feature_621,7.0,7.0,0.0,0.06540823720880505,1.0,0.26984164696658314,1.7367948720530486,0.9747474747474747,1.0,0.06540823720880505,0.26984164696658314,0.7105341879911586,3.1526381902921794
Feature_622,7.0,7.0,0.0,0.06540823720880505,1.0,0.26984164696658314,1.7367948720530486,0.9747474747474747,1.0,0.06540823720880505,0.26984164696658314,0.7105341879911586,3.1526381902921794
Feature_623,7.0,7.0,0.0,0.06540823720880505,1.0,0.26984164696658314,1.7367948720530486,0.9747474747474747,1.0,0.06540823720880505,0.26984164696658314,0.7105341879911586,3.1526381902921794
Feature_624,7.0,7.0,0.0,0.06540823720880505,1.0,0.26984164696658314,1.7367948720530486,0.9747474747474747,1.0,0.06540823720880505,0.26984164696658314,0.7105341879911586,3.1526381902921794
Feature_625,7.0,7.0,0.0,0.06540823720880505,1.0,0.26984164696658314,1.7367948720530486,0.9747474747474747,1.0,0.06540823720880505,0.26984164696658314,0.7105341879911586,3.1526381902921794
Feature_626,7.0,7.0,0.0,0.06540823720880505,1.0,0.26984164696658314,1.7367948720530486,0.9747474747474747,1.0,0.06540823720880505,0.26984164696658314,0.7105341879911586,3.1526381902921794
Feature_627,7.0,7.0,0.0,0.06540823720880505,1.0,0.26984164696658314,1.7367948720530486,0.9747474747474747,1.0,0.06540823720880505,0.26984164696658314,0.7105341879911586,3.1526381902921794
Feature_628,7.0,7.0,0.0,0.06540823720880505,1.0,0.26984164696658314,1.7367948720530486,0.9747474747474747,1.0,0.06540823720880505,0.26984164696658314,0.7105341879911586,3.1526381902921794
Feature_629,7.0,7.0,0.0,0.06540823720880505,1.0,0.26984164696658314,1.7367948720530486,0.9747474747474747,1.0,0.06540823720880505,0.26984164696658314,0.7105341879911586,3.1526381902921794
Feature_630,7.0,7.0,0.0,0.06540823720880505,1.0,0.26984164696658314,1.7367948720530486,0.9747474747474747,1.0,0.06540823720880505,0.26984164696658314,0.7105341879911586,3.1526381902921794
Feature_631,7.0,7.0,0.0,0.06540823720880505,1.0,0.26984164696658314,1.7367948720530486,0.9747474747474747,1.0,0.06540823720880505,0.26984164696658314,0.7105341879911586,3.1526381902921794
Feature_632,7.0,7.0,0.0,0.06540823720880505,1.0,0.26984164696658314,1.7367948720530486,0.9747474747474747,1.0,0.06540823720880505,0.26984164696658314,0.7105341879911586,3.1526381902921794
Feature_633,7.0,7.0,0.0,0.06540823720880505,1.0,0.26984164696658314,1.7367948720530486,0.9747474747474747,1.0,0.06540823720880505,0.26984164696658314,0.7105341879911586,3.1526381902921794
Feature_634,7.0,7.0,0.0,0.06540823720880505,1.0,0.26984164696658314,1.7367948720530486,0.9747474747474747,1.0,0.06540823720880505,0.26984164696658314,0.7105341879911586,3.1526381902921794
Feature_635,7.0,7.0,0.0,0.06540823720880505,1.0,0.26984164696658314,1.7367948720530486,0.9747474747474747,1.0,0.06540823720880505,0.26984164696658314,0.7105341879911586,3.1526381902921794
Feature_636,7.0,7.0,0.0,0.06540823720880505,1.0,0.26984164696658314,1.7367948720530486,0.9747474747474747,1.0,0.06540823720880505,0.26984164696658314,0.7105341879911586,3.1526381902921794
Feature_637,7.0,7.0,0.0,0.06540823720880505,1.0,0.26984164696658314,1.7367948720530486,0.9747474747474747,1.0,0.06540823720880505,0.26984164696658314,0.7105341879911586,3.1526381902921794
Feature_638,7.0,7.0,0.0,0.06540823720880505,1.0,0.26984164696658314,1.7367948720530486,0.9747474747474747,1.0,0.06540823720880505,0.26984164696658314,0.7105341879911586,3.1526381902921794
Feature_639,7.0,7.0,0.0,0.06540823720880505,1.0,0.26984164696658314,1.7367948720530486,0.9747474747474747,1.0,0.06540823720880505,0.26984164696658314,0.7105341879911586,3.1526381902921794
Feature_640,7.0,7.0,0.0,0.06540823720880505,1.0,0.26984164696658314,1.7367948720530486,0.9747474747474747,1.0,0.06540823720880505,0.26984164696658314,0.7105341879911586,3.1526381902921794
Feature_641,7.0,7.0,0.0,0.06540823720880505,1.0,0.26984164696658314,1.7367948720530486,0.9747474747474747,1.0,0.06540823720880505,0.26984164696658314,0.7105341879911586,3.1526381902921794
Feature_642,7.0,7.0,0.0,0.06540823720880505,1.0,0.26984164696658314,1.7367948720530486,0.9747474747474747,1.0,0.06540823720880505,0.26984164696658314,0.7105341879911586,3.1526381902921794
Feature_643,7.0,7.0,0.0,0.06540823720880505,1.0,0.26984164696658314,1.7367948720530486,0.9747474747474747,1.0,0.06540823720880505,0.26984164696658314,0.7105341879911586,3.1526381902921794
Feature_644,7.0,7.0,0.0,0.06540823720880505,1.0,0.26984164696658314,1.7367948720530486,0.9747474747474747,1.0,0.06540823720880505,0.26984164696658314,0.7105341879911586,3.1526381902921794
Feature_645,7.0,7.0,0.0,0.06540823720880505,1.0,0.26984164696658314,1.7367948720530486,0.9747474747474747,1.0,0.06540823720880505,0.26984164696658314,0.7105341879911586,3.1526381902921794
Feature_646,7.0,7.0,0.0,0.06540823720880505,1.0,0.26984164696658314,1.7367948720530486,0.9747474747474747,1.0,0.06540823720880505,0.26984164696658314,0.7105341879911586,3.1526381902921794
Feature_647,7.0,7.0,0.0,0.06540823720880505,1.0,0.26984164696658314,1.7367948720530486,0.9747474747474747,1.0,0.06540823720880505,0.26984164696658314,0.7105341879911586,3.1526381902921794
Feature_648,7.0,7.0,0.0,0.06540823720880505,1.0,0.26984164696658314,1.7367948720530486,0.9747474747474747,1.0,0.06540823720880505,0.26984164696658314,0.7105341879911586,3.1526381902921794
Feature_649,7.0,7.0,0.0,0.06540823720880505,1.0,0.26984164696658314,1.7367948720530486,0.9747474747474747,1.0,0.06540823720880505,0.26984164696658314,0.7105341879911586,3.1526381902921794
Feature_650,7.0,7.0,0.0,0.06540823720880505,1.0,0.26984164696658314,1.7367948720530486,0.9747474747474747,1.0,0.06540823720880505,0.26984164696658314,0.7105341879911586,3.1526381902921794
Feature_651,7.0,7.0,0.0,0.06540823720880505,1.0,0.26984164696658314,1.7367948720530486,0.9747474747474747,1.0,0.06540823720880505,0.26984164696658314,0.7105341879911586,3.1526381902921794
Feature_652,7.0,7.0,0.0,0.06540823720880505,1.0,0.26984164696658314,1.7367948720530486,0.9747474747474747,1.0,0.06540823720880505,0.26984164696658314,0.7105341879911586,3.1526381902921794
Feature_653,7.0,7.0,0.0,0.06540823720880505,1.0,0.26984164696658314,1.7367948720530486,0.9747474747474747,1.0,0.06540823720880505,0.26984164696658314,0.7105341879911586,3.1526381902921794
Feature_654,7.0,7.0,0.0,0.06540823720880505,1.0,0.26984164696658314,1.7367948720530486,0.9747474747474747,1.0,0.06540823720880505,0.26984164696658314,0.7105341879911586,3.1526381902921794
Feature_655,7.0,7.0,0.0,0.06540823720880505,1.0,0.26984164696658314,1.7367948720530486,0.9747474747474747,1.0,0.06540823720880505,0.26984164696658314,0.7105341879911586,3.1526381902921794
Feature_656,7.0,7.0,0.0,0.06540823720880505,1.0,0.26984164696658314,1.7367948720530486,0.9747474747474747,1.0,0.06540823720880505,0.26984164696658314,0.7105341879911586,3.1526381902921794
Feature_657,7.0,7.0,0.0,0.06540823720880505,1.0,0.26984164696658314,1.7367948720530486,0.9747474747474747,1.0,0.06540823720880505,0.26984164696658314,0.7105341879911586,3.1526381902921794
Feature_658,7.0,7.0,0.0,0.06540823720880505,1.0,0.26984164696658314,1.7367948720530486,0.9747474747474747,1.0,0.06540823720880505,0.26984164696658314,0.7105341879911586,3.1526381902921794
Feature_659,7.0,7.0,0.0,0.06540823720880505,1.0,0.26984164696658314,1.7367948720530486,0.9747474747474747,1.0,0.06540823720880505,0.26984164696658314,0.7105341879911586,3.1526381902921794
Feature_660,7.0,7.0,0.0,0.06540823720880505,1.0,0.26984164696658314,1.7367948720530486,0.9747474747474747,1.0,0.06540823720880505,0.26984164696658314,0.7105341879911586,3.1526381902921794
Feature_661,7.0,7.0,0.0,0.06540823720880505,1.0,0.26984164696658314,1.7367948720530486,0.9747474747474747,1.0,0.06540823720880505,0.26984164696658314,0.7105341879911586,3.1526381902921794
Feature_662,7.0,7.0,0.0,0.06540823720880505,1.0,0.26984164696658314,1.7367948720530486,0.9747474747474747,1.0,0.06540823720880505,0.26984164696658314,0.7105341879911586,3.1526381902921794
Feature_663,7.0,7.0,0.0,0.06540823720880505,1.0,0.26984164696658314,1.7367948720530486,0.9747474747474747,1.0,0.06540823720880505,0.26984164696658314,0.7105341879911586,3.1526381902921794
Feature_664,7.0,7.0,0.0,0.06540823720880505,1.0,0.26984164696658314,1.7367948720530486,0.9747474747474747,1.0,0.06540823720880505,0.26984164696658314,0.7105341879911586,3.1526381902921794
Feature_665,7.0,7.0,0.0,0.06540823720880505,1.0,0.26984164696658314,1.7367948720530486,0.9747474747474747,1.0,0.06540823720880505,0.26984164696658314,0.7105341879911586,3.1526381902921794
Feature_666,7.0,7.0,0.0,0.06540823720880505,1.0,0.26984164696658314,1.7367948720530486,0.9747474747474747,1.0,0.06540823720880505,0.26984164696658314,0.7105341879911586,3.1526381902921794
Feature_667,7.0,7.0,0.0,0.06540823720880505,1.0,0.26984164696658314,1.7367948720530486,0.9747474747474747,1.0,0.06540823720880505,0.26984164696658314,0.7105341879911586,3.1526381902921794
Feature_668,7.0,7.0,0.0,0.06540823720880505,1.0,0.26984164696658314,1.7367948720530486,0.9747474747474747,1.0,0.06540823720880505,0.26984164696658314,0.7105341879911586,3.1526381902921794
Feature_669,7.0,7.0,0.0,0.06540823720880505,1.0,0.26984164696658314,1.7367948720530486,0.9747474747474747,1.0,0.06540823720880505,0.26984164696658314,0.7105341879911586,3.1526381902921794
Feature_670,7.0,7.0,0.0,0.06540823720880505,1.0,0.26984164696658314,1.7367948720530486,0.9747474747474747,1.0,0.06540823720880505,0.26984164696658314,0.7105341879911586,3.1526381902921794
Feature_671,7.0,7.0,0.0,0.06540823720880505,1.0,0.26984164696658314,1.7367948720530486,0.9747474747474747,1.0,0.06540823720880505,0.26984164696658314,0.7105341879911586,3.1526381902921794
Feature_672,7.0,7.0,0.0,0.06540823720880505,1.0,0.26984164696658314,1.7367948720530486,0.9747474747474747,1.0,0.06540823720880505,0.26984164696658314,0.7105341879911586,3.1526381902921794
Feature_673,7.0,7.0,0.0,0.06540823720880505,1.0,0.26984164696658314,1.7367948720530486,0.9747474747474747,1.0,0.06540823720880505,0.26984164696658314,0.7105341879911586,3.1526381902921794
Feature_674,7.0,7.0,0.0,0.06540823720880505,1.0,0.26984164696658314,1.7367948720530486,0.9747474747474747,1.0,0.06540823720880505,0.26984164696658314,0.7105341879911586,3.1526381902921794
Feature_675,7.0,7.0,0.0,0.06540823720880505,1.0,0.26984164696658314,1.7367948720530486,0.9747474747474747,1.0,0.06540823720880505,0.26984164696658314,0.7105341879911586,3.1526381902921794
Feature_676,7.0,7.0,0.0,0.06540823720880505,1.0,0.26984164696658314,1.7367948720530486,0.9747474747474747,1.0,0.06540823720880505,0.26984164696658314,0.7105341879911586,3.1526381902921794
Feature_677,7.0,7.0,0.0,0.06540823720880505,1.0,0.26984164696658314,1.7367948720530486,0.9747474747474747,1.0,0.06540823720880505,0.26984164696658314,0.7105341879911586,3.1526381902921794
Feature_678,7.0,7.0,0.0,0.06540823720880505,1.0,0.26984164696658314,1.7367948720530486,0.9747474747474747,1.0,0.06540823720880505,0.26984164696658314,0.7105341879911586,3.1526381902921794
Feature_679,7.0,7.0,0.0,0.06540823720880505,1.0,0.26984164696658314,1.7367948720530486,0.9747474747474747,1.0,0.06540823720880505,0.26984164696658314,0.7105341879911586,3.1526381902921794
Feature_680,7.0,7.0,0.0,0.06540823720880505,1.0,0.26984164696658314,1.7367948720530486,0.9747474747474747,1.0,0.06540823720880505,0.26984164696658314,0.7105341879911586,3.1526381902921794
Feature_681,7.0,7.0,0.0,0.06540823720880505,1.0,0.26984164696658314,1.7367948720530486,0.9747474747474747,1.0,0.06540823720880505,0.26984164696658314,0.7105341879911586,3.1526381902921794
Feature_682,7.0,7.0,0.0,0.06540823720880505,1.0,0.26984164696658314,1.7367948720530486,0.9747474747474747,1.0,0.06540823720880505,0.26984164696658314,0.7105341879911586,3.1526381902921794
Feature_683,7.0,7.0,0.0,0.06540823720880505,1.0,0.26984164696658314,1.7367948720530486,0.9747474747474747,1.0,0.06540823720880505,0.26984164696658314,0.7105341879911586,3.1526381902921794
Feature_684,7.0,7.0,0.0,0.06540823720880505,1.0,0.26984164696658314,1.7367948720530486,0.9747474747474747,1.0,0.06540823720880505,0.26984164696658314,0.7105341879911586,3.1526381902921794
Feature_685,7.0,7.0,0.0,0.06540823720880505,1.0,0.26984164696658314,1.7367948720530486,0.9747474747474747,1.0,0.06540823720880505,0.26984164696658314,0.7105341879911586,3.1526381902921794
Feature_686,7.0,7.0,0.0,0.06540823720880505,1.0,0.26984164696658314,1.7367948720530486,0.9747474747474747,1.0,0.06540823720880505,0.26984164696658314,0.7105341879911586,3.1526381902921794
Feature_687,7.0,7.0,0.0,0.06540823720880505,1.0,0.26984164696658314,1.7367948720530486,0.9747474747474747,1.0,0.06540823720880505,0.26984164696658314,0.7105341879911586,3.1526381902921794
Feature_688,7.0,7.0,0.0,0.06540823720880505,1.0,0.26984164696658314,1.7367948720530486,0.9747474747474747,1.0,0.06540823720880505,0.26984164696658314,0.7105341879911586,3.1526381902921794
Feature_689,7.0,7.0,0.0,0.06540823720880505,1.0,0.26984164696658314,1.7367948720530486,0.9747474747474747,1.0,0.06540823720880505,0.26984164696658314,0.7105341879911586,3.1526381902921794
Feature_690,7.0,7.0,0.0,0.06540823720880505,1.0,0.26984164696658314,1.7367948720530486,0.9747474747474747,1.0,0.06540823720880505,0.26984164696658314,0.7105341879911586,3.1526381902921794
Feature_691,7.0,7.0,0.0,0.06540823720880505,1.0,0.26984164696658314,1.7367948720530486,0.9747474747474747,1.0,0.06540823720880505,0.26984164696658314,0.7105341879911586,3.1526381902921794
Feature_692,7.0,7.0,0.0,0.06540823720880505,1.0,0.26984164696658314,1.7367948720530486,0.9747474747474747,1.0,0.06540823720880505,0.26984164696658314,0.7105341879911586,3.1526381902921794
Feature_693,7.0,7.0,0.0,0.06540823720880505,1.0,0.26984164696658314,1.7367948720530486,0.9747474747474747,1.0,0.06540823720880505,0.26984164696658314,0.7105341879911586,3.1526381902921794
Feature_694,7.0,7.0,0.0,0.06540823720880505,1.0,0.26984164696658314,1.7367948720530486,0.9747474747474747,1.0,0.06540823720880505,0.26984164696658314,0.7105341879911586,3.1526381902921794
Feature_695,7.0,7.0,0.0,0.06540823720880505,1.0,0.26984164696658314,1.7367948720530486,0.9747474747474747,1.0,0.06540823720880505,0.26984164696658314,0.7105341879911586,3.1526381902921794
Feature_696,7.0,7.0,0.0,0.06540823720880505,1.0,0.26984164696658314,1.7367948720530486,0.9747474747474747,1.0,0.06540823720880505,0.26984164696658314,0.7105341879911586,3.1526381902921794
Feature_697,7.0,7.0,0.0,0.06540823720880505,1.0,0.26984164696658314,1.7367948720530486,0.9747474747474747,1.0,0.06540823720880505,0.26984164696658314,0.7105341879911586,3.1526381902921794
Feature_698,7.0,7.0,0.0,0.06540823720880505,1.0,0.26984164696658314,1.7367948720530486,0.9747474747474747,1.0,0.06540823720880505,0.26984164696658314,0.7105341879911586,3.1526381902921794
Feature_699,7.0,7.0,0.0,0.06540823720880505,1.0,0.26984164696658314,1.7367948720530486,0.9747474747474747,1.0,0.06540823720880505,0.26984164696658314,0.7105341879911586,3.1526381902921794
Feature_700,7.0,7.0,0.0,0.06540823720880505,1.0,0.26984164696658314,1.7367948720530486,0.9747474747474747,1.0,0.06540823720880505,0.26984164696658314,0.7105341879911586,3.1526381902921794
Feature_701,7.0,7.0,0.0,0.06540823720880505,1.0,0.26984164696658314,1.7367948720530486,0.9747474747474747,1.0,0.06540823720880505,0.26984164696658314,0.7105341879911586,3.1526381902921794
Feature_702,7.0,7.0,0.0,0.06540823720880505,1.0,0.26984164696658314,1.7367948720530486,0.9747474747474747,1.0,0.06540823720880505,0.26984164696658314,0.7105341879911586,3.1526381902921794
Feature_703,7.0,7.0,0.0,0.06540823720880505,1.0,0.26984164696658314,1.7367948720530486,0.9747474747474747,1.0,0.06540823720880505,0.26984164696658314,0.7105341879911586,3.1526381902921794
Feature_704,7.0,7.0,0.0,0.06540823720880505,1.0,0.26984164696658314,1.7367948720530486,0.9747474747474747,1.0,0.06540823720880505,0.26984164696658314,0.7105341879911586,3.1526381902921794
Feature_705,7.0,7.0,0.0,0.06540823720880505,1.0,0.26984164696658314,1.7367948720530486,0.9747474747474747,1.0,0.06540823720880505,0.26984164696658314,0.7105341879911586,3.1526381902921794
Feature_706,7.0,7.0,0.0,0.06540823720880505,1.0,0.26984164696658314,1.7367948720530486,0.9747474747474747,1.0,0.06540823720880505,0.26984164696658314,0.7105341879911586,3.1526381902921794
Feature_707,7.0,7.0,0.0,0.06540823720880505,1.0,0.26984164696658314,1.7367948720530486,0.9747474747474747,1.0,0.06540823720880505,0.26984164696658314,0.7105341879911586,3.1526381902921794
Feature_708,7.0,7.0,0.0,0.06540823720880505,1.0,0.26984164696658314,1.7367948720530486,0.9747474747474747,1.0,0.06540823720880505,0.26984164696658314,0.7105341879911586,3.1526381902921794
Feature_709,7.0,7.0,0.0,0.06540823720880505,1.0,0.26984164696658314,1.7367948720530486,0.9747474747474747,1.0,0.06540823720880505,0.26984164696658314,0.7105341879911586,3.1526381902921794
Feature_710,7.0,7.0,0.0,0.06540823720880505,1.0,0.26984164696658314,1.7367948720530486,0.9747474747474747,1.0,0.06540823720880505,0.26984164696658314,0.7105341879911586,3.1526381902921794
Feature_711,7.0,7.0,0.0,0.06540823720880505,1.0,0.26984164696658314,1.7367948720530486,0.9747474747474747,1.0,0.06540823720880505,0.26984164696658314,0.7105341879911586,3.1526381902921794
Feature_712,7.0,7.0,0.0,0.06540823720880505,1.0,0.26984164696658314,1.7367948720530486,0.9747474747474747,1.0,0.06540823720880505,0.26984164696658314,0.7105341879911586,3.1526381902921794
Feature_713,7.0,7.0,0.0,0.06540823720880505,1.0,0.26984164696658314,1.7367948720530486,0.9747474747474747,1.0,0.06540823720880505,0.26984164696658314,0.7105341879911586,3.1526381902921794
Feature_714,7.0,7.0,0.0,0.06540823720880505,1.0,0.26984164696658314,1.7367948720530486,0.9747474747474747,1.0,0.06540823720880505,0.26984164696658314,0.7105341879911586,3.1526381902921794
Feature_715,7.0,7.0,0.0,0.06540823720880505,1.0,0.26984164696658314,1.7367948720530486,0.9747474747474747,1.0,0.06540823720880505,0.26984164696658314,0.7105341879911586,3.1526381902921794
Feature_716,7.0,7.0,0.0,0.06540823720880505,1.0,0.26984164696658314,1.7367948720530486,0.9747474747474747,1.0,0.06540823720880505,0.26984164696658314,0.7105341879911586,3.1526381902921794
Feature_717,7.0,7.0,0.0,0.06540823720880505,1.0,0.26984164696658314,1.7367948720530486,0.9747474747474747,1.0,0.06540823720880505,0.26984164696658314,0.7105341879911586,3.1526381902921794
Feature_718,7.0,7.0,0.0,0.06540823720880505,1.0,0.26984164696658314,1.7367948720530486,0.9747474747474747,1.0,0.06540823720880505,0.26984164696658314,0.7105341879911586,3.1526381902921794
Feature_719,7.0,7.0,0.0,0.06540823720880505,1.0,0.26984164696658314,1.7367948720530486,0.9747474747474747,1.0,0.06540823720880505,0.26984164696658314,0.7105341879911586,3.1526381902921794
Feature_720,7.0,7.0,0.0,0.06540823720880505,1.0,0.26984164696658314,1.7367948720530486,0.9747474747474747,1.0,0.06540823720880505,0.26984164696658314,0.7105341879911586,3.1526381902921794
Feature_721,7.0,7.0,0.0,0.06540823720880505,1.0,0.26984164696658314,1.7367948720530486,0.9747474747474747,1.0,0.06540823720880505,0.26984164696658314,0.7105341879911586,3.1526381902921794
Feature_722,7.0,7.0,0.0,0.06540823720880505,1.0,0.26984164696658314,1.7367948720530486,0.9747474747474747,1.0,0.06540823720880505,0.26984164696658314,0.7105341879911586,3.1526381902921794
Feature_723,7.0,7.0,0.0,0.06540823720880505,1.0,0.26984164696658314,1.7367948720530486,0.9747474747474747,1.0,0.06540823720880505,0.26984164696658314,0.7105341879911586,3.1526381902921794
Feature_724,7.0,7.0,0.0,0.06540823720880505,1.0,0.26984164696658314,1.7367948720530486,0.9747474747474747,1.0,0.06540823720880505,0.26984164696658314,0.7105341879911586,3.1526381902921794
Feature_725,7.0,7.0,0.0,0.06540823720880505,1.0,0.26984164696658314,1.7367948720530486,0.9747474747474747,1.0,0.06540823720880505,0.26984164696658314,0.7105341879911586,3.1526381902921794
Feature_726,7.0,7.0,0.0,0.06540823720880505,1.0,0.26984164696658314,1.7367948720530486,0.9747474747474747,1.0,0.06540823720880505,0.26984164696658314,0.7105341879911586,3.1526381902921794
Feature_727,7.0,7.0,0.0,0.06540823720880505,1.0,0.26984164696658314,1.7367948720530486,0.9747474747474747,1.0,0.06540823720880505,0.26984164696658314,0.7105341879911586,3.1526381902921794
Feature_728,7.0,7.0,0.0,0.06540823720880505,1.0,0.26984164696658314,1.7367948720530486,0.9747474747474747,1.0,0.06540823720880505,0.26984164696658314,0.7105341879911586,3.1526381902921794
Feature_729,7.0,7.0,0.0,0.06540823720880505,1.0,0.26984164696658314,1.7367948720530486,0.9747474747474747,1.0,0.06540823720880505,0.26984164696658314,0.7105341879911586,3.1526381902921794
Feature_730,7.0,7.0,0.0,0.06540823720880505,1.0,0.26984164696658314,1.7367948720530486,0.9747474747474747,1.0,0.06540823720880505,0.26984164696658314,0.7105341879911586,3.1526381902921794
Feature_731,7.0,7.0,0.0,0.06540823720880505,1.0,0.26984164696658314,1.7367948720530486,0.9747474747474747,1.0,0.06540823720880505,0.26984164696658314,0.7105341879911586,3.1526381902921794
Feature_732,7.0,7.0,0.0,0.06540823720880505,1.0,0.26984164696658314,1.7367948720530486,0.9747474747474747,1.0,0.06540823720880505,0.26984164696658314,0.7105341879911586,3.1526381902921794
Feature_733,7.0,7.0,0.0,0.06540823720880505,1.0,0.26984164696658314,1.7367948720530486,0.9747474747474747,1.0,0.06540823720880505,0.26984164696658314,0.7105341879911586,3.1526381902921794
Feature_734,7.0,7.0,0.0,0.06540823720880505,1.0,0.26984164696658314,1.7367948720530486,0.9747474747474747,1.0,0.06540823720880505,0.26984164696658314,0.7105341879911586,3.1526381902921794
Feature_735,7.0,7.0,0.0,0.06540823720880505,1.0,0.26984164696658314,1.7367948720530486,0.9747474747474747,1.0,0.06540823720880505,0.26984164696658314,0.7105341879911586,3.1526381902921794
Feature_736,7.0,7.0,0.0,0.06540823720880505,1.0,0.26984164696658314,1.7367948720530486,0.9747474747474747,1.0,0.06540823720880505,0.26984164696658314,0.7105341879911586,3.1526381902921794
Feature_737,7.0,7.0,0.0,0.06540823720880505,1.0,0.26984164696658314,1.7367948720530486,0.9747474747474747,1.0,0.06540823720880505,0.26984164696658314,0.7105341879911586,3.1526381902921794
Feature_738,7.0,7.0,0.0,0.06540823720880505,1.0,0.26984164696658314,1.7367948720530486,0.9747474747474747,1.0,0.06540823720880505,0.26984164696658314,0.7105341879911586,3.1526381902921794
Feature_739,7.0,7.0,0.0,0.06540823720880505,1.0,0.26984164696658314,1.7367948720530486,0.9747474747474747,1.0,0.06540823720880505,0.26984164696658314,0.7105341879911586,3.1526381902921794
Feature_740,7.0,7.0,0.0,0.06540823720880505,1.0,0.26984164696658314,1.7367948720530486,0.9747474747474747,1.0,0.06540823720880505,0.26984164696658314,0.7105341879911586,3.1526381902921794
Feature_741,7.0,7.0,0.0,0.06540823720880505,1.0,0.26984164696658314,1.7367948720530486,0.9747474747474747,1.0,0.06540823720880505,0.26984164696658314,0.7105341879911586,3.1526381902921794
Feature_742,7.0,7.0,0.0,0.06540823720880505,1.0,0.26984164696658314,1.7367948720530486,0.9747474747474747,1.0,0.06540823720880505,0.26984164696658314,0.7105341879911586,3.1526381902921794
Feature_743,7.0,7.0,0.0,0.06540823720880505,1.0,0.26984164696658314,1.7367948720530486,0.9747474747474747,1.0,0.06540823720880505,0.26984164696658314,0.7105341879911586,3.1526381902921794
Feature_744,7.0,7.0,0.0,0.06540823720880505,1.0,0.26984164696658314,1.7367948720530486,0.9747474747474747,1.0,0.06540823720880505,0.26984164696658314,0.7105341879911586,3.1526381902921794
Feature_745,7.0,7.0,0.0,0.06540823720880505,1.0,0.26984164696658314,1.7367948720530486,0.9747474747474747,1.0,0.06540823720880505,0.26984164696658314,0.7105341879911586,3.1526381902921794
Feature_746,7.0,7.0,0.0,0.06540823720880505,1.0,0.26984164696658314,1.7367948720530486,0.9747474747474747,1.0,0.06540823720880505,0.26984164696658314,0.7105341879911586,3.1526381902921794
Feature_747,7.0,7.0,0.0,0.06540823720880505,1.0,0.26984164696658314,1.7367948720530486,0.9747474747474747,1.0,0.06540823720880505,0.26984164696658314,0.7105341879911586,3.1526381902921794
Feature_748,7.0,7.0,0.0,0.06540823720880505,1.0,0.26984164696658314,1.7367948720530486,0.9747474747474747,1.0,0.06540823720880505,0.26984164696658314,0.7105341879911586,3.1526381902921794
Feature_749,7.0,7.0,0.0,0.06540823720880505,1.0,0.26984164696658314,1.7367948720530486,0.9747474747474747,1.0,0.06540823720880505,0.26984164696658314,0.7105341879911586,3.1526381902921794
Feature_750,7.0,7.0,0.0,0.06540823720880505,1.0,0.26984164696658314,1.7367948720530486,0.9747474747474747,1.0,0.06540823720880505,0.26984164696658314,0.7105341879911586,3.1526381902921794
Feature_751,7.0,7.0,0.0,0.06540823720880505,1.0,0.26984164696658314,1.7367948720530486,0.9747474747474747,1.0,0.06540823720880505,0.26984164696658314,0.7105341879911586,3.1526381902921794
Feature_752,7.0,7.0,0.0,0.06540823720880505,1.0,0.26984164696658314,1.7367948720530486,0.9747474747474747,1.0,0.06540823720880505,0.26984164696658314,0.7105341879911586,3.1526381902921794
Feature_753,7.0,7.0,0.0,0.06540823720880505,1.0,0.26984164696658314,1.7367948720530486,0.9747474747474747,1.0,0.06540823720880505,0.26984164696658314,0.7105341879911586,3.1526381902921794
Feature_754,7.0,7.0,0.0,0.06540823720880505,1.0,0.26984164696658314,1.7367948720530486,0.9747474747474747,1.0,0.06540823720880505,0.26984164696658314,0.7105341879911586,3.1526381902921794
Feature_755,7.0,7.0,0.0,0.06540823720880505,1.0,0.26984164696658314,1.7367948720530486,0.9747474747474747,1.0,0.06540823720880505,0.26984164696658314,0.7105341879911586,3.1526381902921794
Feature_756,7.0,7.0,0.0,0.06540823720880505,1.0,0.26984164696658314,1.7367948720530486,0.9747474747474747,1.0,0.06540823720880505,0.26984164696658314,0.7105341879911586,3.1526381902921794
Feature_757,7.0,7.0,0.0,0.06540823720880505,1.0,0.26984164696658314,1.7367948720530486,0.9747474747474747,1.0,0.06540823720880505,0.26984164696658314,0.7105341879911586,3.1526381902921794
Feature_758,7.0,7.0,0.0,0.06540823720880505,1.0,0.26984164696658314,1.7367948720530486,0.9747474747474747,1.0,0.06540823720880505,0.26984164696658314,0.7105341879911586,3.1526381902921794
Feature_759,7.0,7.0,0.0,0.06540823720880505,1.0,0.26984164696658314,1.7367948720530486,0.9747474747474747,1.0,0.06540823720880505,0.26984164696658314,0.7105341879911586,3.1526381902921794
Feature_760,7.0,7.0,0.0,0.06540823720880505,1.0,0.26984164696658314,1.7367948720530486,0.9747474747474747,1.0,0.06540823720880505,0.26984164696658314,0.7105341879911586,3.1526381902921794
Feature_761,7.0,7.0,0.0,0.06540823720880505,1.0,0.26984164696658314,1.7367948720530486,0.9747474747474747,1.0,0.06540823720880505,0.26984164696658314,0.7105341879911586,3.1526381902921794
Feature_762,7.0,7.0,0.0,0.06540823720880505,1.0,0.26984164696658314,1.7367948720530486,0.9747474747474747,1.0,0.06540823720880505,0.26984164696658314,0.7105341879911586,3.1526381902921794
Feature_763,7.0,7.0,0.0,0.06540823720880505,1.0,0.26984164696658314,1.7367948720530486,0.9747474747474747,1.0,0.06540823720880505,0.26984164696658314,0.7105341879911586,3.1526381902921794
Feature_764,7.0,7.0,0.0,0.06540823720880505,1.0,0.26984164696658314,1.7367948720530486,0.9747474747474747,1.0,0.06540823720880505,0.26984164696658314,0.7105341879911586,3.1526381902921794
Feature_765,7.0,7.0,0.0,0.06540823720880505,1.0,0.26984164696658314,1.7367948720530486,0.9747474747474747,1.0,0.06540823720880505,0.26984164696658314,0.7105341879911586,3.1526381902921794
Feature_766,7.0,7.0,0.0,0.06540823720880505,1.0,0.26984164696658314,1.7367948720530486,0.9747474747474747,1.0,0.06540823720880505,0.26984164696658314,0.7105341879911586,3.1526381902921794
Feature_767,7.0,7.0,0.0,0.06540823720880505,1.0,0.26984164696658314,1.7367948720530486,0.9747474747474747,1.0,0.06540823720880505,0.26984164696658314,0.7105341879911586,3.1526381902921794
Feature_768,7.0,7.0,0.0,0.06540823720880505,1.0,0.26984164696658314,1.7367948720530486,0.9747474747474747,1.0,0.06540823720880505,0.26984164696658314,0.7105341879911586,3.1526381902921794
Feature_769,7.0,7.0,0.0,0.06540823720880505,1.0,0.26984164696658314,1.7367948720530486,0.9747474747474747,1.0,0.06540823720880505,0.26984164696658314,0.7105341879911586,3.1526381902921794
Feature_770,7.0,7.0,0.0,0.06540823720880505,1.0,0.26984164696658314,1.7367948720530486,0.9747474747474747,1.0,0.06540823720880505,0.26984164696658314,0.7105341879911586,3.1526381902921794
Feature_771,7.0,7.0,0.0,0.06540823720880505,1.0,0.26984164696658314,1.7367948720530486,0.9747474747474747,1.0,0.06540823720880505,0.26984164696658314,0.7105341879911586,3.1526381902921794
Feature_772,7.0,7.0,0.0,0.06540823720880505,1.0,0.26984164696658314,1.7367948720530486,0.9747474747474747,1.0,0.06540823720880505,0.26984164696658314,0.7105341879911586,3.1526381902921794
Feature_773,7.0,7.0,0.0,0.06540823720880505,1.0,0.26984164696658314,1.7367948720530486,0.9747474747474747,1.0,0.06540823720880505,0.26984164696658314,0.7105341879911586,3.1526381902921794
Feature_774,7.0,7.0,0.0,0.06540823720880505,1.0,0.26984164696658314,1.7367948720530486,0.9747474747474747,1.0,0.06540823720880505,0.26984164696658314,0.7105341879911586,3.1526381902921794
Feature_775,7.0,7.0,0.0,0.06540823720880505,1.0,0.26984164696658314,1.7367948720530486,0.9747474747474747,1.0,0.06540823720880505,0.26984164696658314,0.7105341879911586,3.1526381902921794
Feature_776,7.0,7.0,0.0,0.06540823720880505,1.0,0.26984164696658314,1.7367948720530486,0.9747474747474747,1.0,0.06540823720880505,0.26984164696658314,0.7105341879911586,3.1526381902921794
Feature_777,7.0,7.0,0.0,0.06540823720880505,1.0,0.26984164696658314,1.7367948720530486,0.9747474747474747,1.0,0.06540823720880505,0.26984164696658314,0.7105341879911586,3.1526381902921794
Feature_778,7.0,7.0,0.0,0.06540823720880505,1.0,0.26984164696658314,1.7367948720530486,0.9747474747474747,1.0,0.06540823720880505,0.26984164696658314,0.7105341879911586,3.1526381902921794
Feature_779,7.0,7.0,0.0,0.06540823720880505,1.0,0.26984164696658314,1.7367948720530486,0.9747474747474747,1.0,0.06540823720880505,0.26984164696658314,0.7105341879911586,3.1526381902921794
Feature_780,7.0,7.0,0.0,0.06540823720880505,1.0,0.26984164696658314,1.7367948720530486,0.9747474747474747,1.0,0.06540823720880505,0.26984164696658314,0.7105341879911586,3.1526381902921794
Feature_781,7.0,7.0,0.0,0.06540823720880505,1.0,0.26984164696658314,1.7367948720530486,0.9747474747474747,1.0,0.06540823720880505,0.26984164696658314,0.7105341879911586,3.1526381902921794
Feature_782,7.0,7.0,0.0,0.06540823720880505,1.0,0.26984164696658314,1.7367948720530486,0.9747474747474747,1.0,0.06540823720880505,0.26984164696658314,0.7105341879911586,3.1526381902921794
Feature_783,7.0,7.0,0.0,0.06540823720880505,1.0,0.26984164696658314,1.7367948720530486,0.9747474747474747,1.0,0.06540823720880505,0.26984164696658314,0.7105341879911586,3.1526381902921794
Feature_784,7.0,7.0,0.0,0.06540823720880505,1.0,0.26984164696658314,1.7367948720530486,0.9747474747474747,1.0,0.06540823720880505,0.26984164696658314,0.7105341879911586,3.1526381902921794
Feature_785,7.0,7.0,0.0,0.06540823720880505,1.0,0.26984164696658314,1.7367948720530486,0.9747474747474747,1.0,0.06540823720880505,0.26984164696658314,0.7105341879911586,3.1526381902921794
Feature_786,7.0,7.0,0.0,0.06540823720880505,1.0,0.26984164696658314,1.7367948720530486,0.9747474747474747,1.0,0.06540823720880505,0.26984164696658314,0.7105341879911586,3.1526381902921794
Feature_787,7.0,7.0,0.0,0.06540823720880505,1.0,0.26984164696658314,1.7367948720530486,0.9747474747474747,1.0,0.06540823720880505,0.26984164696658314,0.7105341879911586,3.1526381902921794
Feature_788,7.0,7.0,0.0,0.06540823720880505,1.0,0.26984164696658314,1.7367948720530486,0.9747474747474747,1.0,0.06540823720880505,0.26984164696658314,0.7105341879911586,3.1526381902921794
Feature_789,7.0,7.0,0.0,0.06540823720880505,1.0,0.26984164696658314,1.7367948720530486,0.9747474747474747,1.0,0.06540823720880505,0.26984164696658314,0.7105341879911586,3.1526381902921794
Feature_790,7.0,7.0,0.0,0.06540823720880505,1.0,0.26984164696658314,1.7367948720530486,0.9747474747474747,1.0,0.06540823720880505,0.26984164696658314,0.7105341879911586,3.1526381902921794
Feature_791,7.0,7.0,0.0,0.06540823720880505,1.0,0.26984164696658314,1.7367948720530486,0.9747474747474747,1.0,0.06540823720880505,0.26984164696658314,0.7105341879911586,3.1526381902921794
Feature_792,7.0,7.0,0.0,0.06540823720880505,1.0,0.26984164696658314,1.7367948720530486,0.9747474747474747,1.0,0.06540823720880505,0.26984164696658314,0.7105341879911586,3.1526381902921794
Feature_793,7.0,7.0,0.0,0.06540823720880505,1.0,0.26984164696658314,1.7367948720530486,0.9747474747474747,1.0,0.06540823720880505,0.26984164696658314,0.7105341879911586,3.1526381902921794
Feature_794,7.0,7.0,0.0,0.06540823720880505,1.0,0.26984164696658314,1.7367948720530486,0.9747474747474747,1.0,0.06540823720880505,0.26984164696658314,0.7105341879911586,3.1526381902921794
Feature_795,7.0,7.0,0.0,0.06540823720880505,1.0,0.26984164696658314,1.7367948720530486,0.9747474747474747,1.0,0.06540823720880505,0.26984164696658314,0.7105341879911586,3.1526381902921794
Feature_796,7.0,7.0,0.0,0.06540823720880505,1.0,0.26984164696658314,1.7367948720530486,0.9747474747474747,1.0,0.06540823720880505,0.26984164696658314,0.7105341879911586,3.1526381902921794
Feature_797,7.0,7.0,0.0,0.06540823720880505,1.0,0.26984164696658314,1.7367948720530486,0.9747474747474747,1.0,0.06540823720880505,0.26984164696658314,0.7105341879911586,3.1526381902921794
Feature_798,7.0,7.0,0.0,0.06540823720880505,1.0,0.26984164696658314,1.7367948720530486,0.9747474747474747,1.0,0.06540823720880505,0.26984164696658314,0.7105341879911586,3.1526381902921794
Feature_799,7.0,7.0,0.0,0.06540823720880505,1.0,0.26984164696658314,1.7367948720530486,0.9747474747474747,1.0,0.06540823720880505,0.26984164696658314,0.7105341879911586,3.1526381902921794
Feature_800,7.0,7.0,0.0,0.06540823720880505,1.0,0.26984164696658314,1.7367948720530486,0.9747474747474747,1.0,0.06540823720880505,0.26984164696658314,0.7105341879911586,3.1526381902921794
Feature_801,7.0,7.0,0.0,0.06540823720880505,1.0,0.26984164696658314,1.7367948720530486,0.9747474747474747,1.0,0.06540823720880505,0.26984164696658314,0.7105341879911586,3.1526381902921794
Feature_802,7.0,7.0,0.0,0.06540823720880505,1.0,0.26984164696658314,1.7367948720530486,0.9747474747474747,1.0,0.06540823720880505,0.26984164696658314,0.7105341879911586,3.1526381902921794
Feature_803,7.0,7.0,0.0,0.06540823720880505,1.0,0.26984164696658314,1.7367948720530486,0.9747474747474747,1.0,0.06540823720880505,0.26984164696658314,0.7105341879911586,3.1526381902921794
Feature_804,7.0,7.0,0.0,0.06540823720880505,1.0,0.26984164696658314,1.7367948720530486,0.9747474747474747,1.0,0.06540823720880505,0.26984164696658314,0.7105341879911586,3.1526381902921794
Feature_805,7.0,7.0,0.0,0.06540823720880505,1.0,0.26984164696658314,1.7367948720530486,0.9747474747474747,1.0,0.06540823720880505,0.26984164696658314,0.7105341879911586,3.1526381902921794
Feature_806,7.0,7.0,0.0,0.06540823720880505,1.0,0.26984164696658314,1.7367948720530486,0.9747474747474747,1.0,0.06540823720880505,0.26984164696658314,0.7105341879911586,3.1526381902921794
Feature_807,7.0,7.0,0.0,0.06540823720880505,1.0,0.26984164696658314,1.7367948720530486,0.9747474747474747,1.0,0.06540823720880505,0.26984164696658314,0.7105341879911586,3.1526381902921794
Feature_808,7.0,7.0,0.0,0.06540823720880505,1.0,0.26984164696658314,1.7367948720530486,0.9747474747474747,1.0,0.06540823720880505,0.26984164696658314,0.7105341879911586,3.1526381902921794
Feature_809,7.0,7.0,0.0,0.06540823720880505,1.0,0.26984164696658314,1.7367948720530486,0.9747474747474747,1.0,0.06540823720880505,0.26984164696658314,0.7105341879911586,3.1526381902921794
Feature_810,7.0,7.0,0.0,0.06540823720880505,1.0,0.26984164696658314,1.7367948720530486,0.9747474747474747,1.0,0.06540823720880505,0.26984164696658314,0.7105341879911586,3.1526381902921794
Feature_811,7.0,7.0,0.0,0.06540823720880505,1.0,0.26984164696658314,1.7367948720530486,0.9747474747474747,1.0,0.06540823720880505,0.26984164696658314,0.7105341879911586,3.1526381902921794
Feature_812,7.0,7.0,0.0,0.06540823720880505,1.0,0.26984164696658314,1.7367948720530486,0.9747474747474747,1.0,0.06540823720880505,0.26984164696658314,0.7105341879911586,3.1526381902921794
Feature_813,7.0,7.0,0.0,0.06540823720880505,1.0,0.26984164696658314,1.7367948720530486,0.9747474747474747,1.0,0.06540823720880505,0.26984164696658314,0.7105341879911586,3.1526381902921794
Feature_814,7.0,7.0,0.0,0.06540823720880505,1.0,0.26984164696658314,1.7367948720530486,0.9747474747474747,1.0,0.06540823720880505,0.26984164696658314,0.7105341879911586,3.1526381902921794
Feature_815,7.0,7.0,0.0,0.06540823720880505,1.0,0.26984164696658314,1.7367948720530486,0.9747474747474747,1.0,0.06540823720880505,0.26984164696658314,0.7105341879911586,3.1526381902921794
Feature_816,7.0,7.0,0.0,0.06540823720880505,1.0,0.26984164696658314,1.7367948720530486,0.9747474747474747,1.0,0.06540823720880505,0.26984164696658314,0.7105341879911586,3.1526381902921794
Feature_817,7.0,7.0,0.0,0.06540823720880505,1.0,0.26984164696658314,1.7367948720530486,0.9747474747474747,1.0,0.06540823720880505,0.26984164696658314,0.7105341879911586,3.1526381902921794
Feature_818,7.0,7.0,0.0,0.06540823720880505,1.0,0.26984164696658314,1.7367948720530486,0.9747474747474747,1.0,0.06540823720880505,0.26984164696658314,0.7105341879911586,3.1526381902921794
Feature_819,7.0,7.0,0.0,0.06540823720880505,1.0,0.26984164696658314,1.7367948720530486,0.9747474747474747,1.0,0.06540823720880505,0.26984164696658314,0.7105341879911586,3.1526381902921794
Feature_820,7.0,7.0,0.0,0.06540823720880505,1.0,0.26984164696658314,1.7367948720530486,0.9747474747474747,1.0,0.06540823720880505,0.26984164696658314,0.7105341879911586,3.1526381902921794
Feature_821,7.0,7.0,0.0,0.06540823720880505,1.0,0.26984164696658314,1.7367948720530486,0.9747474747474747,1.0,0.06540823720880505,0.26984164696658314,0.7105341879911586,3.1526381902921794
Feature_822,7.0,7.0,0.0,0.06540823720880505,1.0,0.26984164696658314,1.7367948720530486,0.9747474747474747,1.0,0.06540823720880505,0.26984164696658314,0.7105341879911586,3.1526381902921794
Feature_823,7.0,7.0,0.0,0.06540823720880505,1.0,0.26984164696658314,1.7367948720530486,0.9747474747474747,1.0,0.06540823720880505,0.26984164696658314,0.7105341879911586,3.1526381902921794
Feature_824,7.0,7.0,0.0,0.06540823720880505,1.0,0.26984164696658314,1.7367948720530486,0.9747474747474747,1.0,0.06540823720880505,0.26984164696658314,0.7105341879911586,3.1526381902921794
Feature_825,7.0,7.0,0.0,0.06540823720880505,1.0,0.26984164696658314,1.7367948720530486,0.9747474747474747,1.0,0.06540823720880505,0.26984164696658314,0.7105341879911586,3.1526381902921794
Feature_826,7.0,7.0,0.0,0.06540823720880505,1.0,0.26984164696658314,1.7367948720530486,0.9747474747474747,1.0,0.06540823720880505,0.26984164696658314,0.7105341879911586,3.1526381902921794
Feature_827,7.0,7.0,0.0,0.06540823720880505,1.0,0.26984164696658314,1.7367948720530486,0.9747474747474747,1.0,0.06540823720880505,0.26984164696658314,0.7105341879911586,3.1526381902921794
Feature_828,7.0,7.0,0.0,0.06540823720880505,1.0,0.26984164696658314,1.7367948720530486,0.9747474747474747,1.0,0.06540823720880505,0.26984164696658314,0.7105341879911586,3.1526381902921794
Feature_829,7.0,7.0,0.0,0.06540823720880505,1.0,0.26984164696658314,1.7367948720530486,0.9747474747474747,1.0,0.06540823720880505,0.26984164696658314,0.7105341879911586,3.1526381902921794
Feature_830,7.0,7.0,0.0,0.06540823720880505,1.0,0.26984164696658314,1.7367948720530486,0.9747474747474747,1.0,0.06540823720880505,0.26984164696658314,0.7105341879911586,3.1526381902921794
Feature_831,7.0,7.0,0.0,0.06540823720880505,1.0,0.26984164696658314,1.7367948720530486,0.9747474747474747,1.0,0.06540823720880505,0.26984164696658314,0.7105341879911586,3.1526381902921794
Feature_832,7.0,7.0,0.0,0.06540823720880505,1.0,0.26984164696658314,1.7367948720530486,0.9747474747474747,1.0,0.06540823720880505,0.26984164696658314,0.7105341879911586,3.1526381902921794
Feature_833,7.0,7.0,0.0,0.06540823720880505,1.0,0.26984164696658314,1.7367948720530486,0.9747474747474747,1.0,0.06540823720880505,0.26984164696658314,0.7105341879911586,3.1526381902921794
Feature_834,7.0,7.0,0.0,0.06540823720880505,1.0,0.26984164696658314,1.7367948720530486,0.9747474747474747,1.0,0.06540823720880505,0.26984164696658314,0.7105341879911586,3.1526381902921794
Feature_835,7.0,7.0,0.0,0.06540823720880505,1.0,0.26984164696658314,1.7367948720530486,0.9747474747474747,1.0,0.06540823720880505,0.26984164696658314,0.7105341879911586,3.1526381902921794
Feature_836,7.0,7.0,0.0,0.06540823720880505,1.0,0.26984164696658314,1.7367948720530486,0.9747474747474747,1.0,0.06540823720880505,0.26984164696658314,0.7105341879911586,3.1526381902921794
Feature_837,7.0,7.0,0.0,0.06540823720880505,1.0,0.26984164696658314,1.7367948720530486,0.9747474747474747,1.0,0.06540823720880505,0.26984164696658314,0.7105341879911586,3.1526381902921794
Feature_838,7.0,7.0,0.0,0.06540823720880505,1.0,0.26984164696658314,1.7367948720530486,0.9747474747474747,1.0,0.06540823720880505,0.26984164696658314,0.7105341879911586,3.1526381902921794
Feature_839,7.0,7.0,0.0,0.06540823720880505,1.0,0.26984164696658314,1.7367948720530486,0.9747474747474747,1.0,0.06540823720880505,0.26984164696658314,0.7105341879911586,3.1526381902921794
Feature_840,7.0,7.0,0.0,0.06540823720880505,1.0,0.26984164696658314,1.7367948720530486,0.9747474747474747,1.0,0.06540823720880505,0.26984164696658314,0.7105341879911586,3.1526381902921794
Feature_841,7.0,7.0,0.0,0.06540823720880505,1.0,0.26984164696658314,1.7367948720530486,0.9747474747474747,1.0,0.06540823720880505,0.26984164696658314,0.7105341879911586,3.1526381902921794
Feature_842,7.0,7.0,0.0,0.06540823720880505,1.0,0.26984164696658314,1.7367948720530486,0.9747474747474747,1.0,0.06540823720880505,0.26984164696658314,0.7105341879911586,3.1526381902921794
Feature_843,7.0,7.0,0.0,0.06540823720880505,1.0,0.26984164696658314,1.7367948720530486,0.9747474747474747,1.0,0.06540823720880505,0.26984164696658314,0.7105341879911586,3.1526381902921794
Feature_844,7.0,7.0,0.0,0.06540823720880505,1.0,0.26984164696658314,1.7367948720530486,0.9747474747474747,1.0,0.06540823720880505,0.26984164696658314,0.7105341879911586,3.1526381902921794
Feature_845,7.0,7.0,0.0,0.06540823720880505,1.0,0.26984164696658314,1.7367948720530486,0.9747474747474747,1.0,0.06540823720880505,0.26984164696658314,0.7105341879911586,3.1526381902921794
Feature_846,7.0,7.0,0.0,0.06540823720880505,1.0,0.26984164696658314,1.7367948720530486,0.9747474747474747,1.0,0.06540823720880505,0.26984164696658314,0.7105341879911586,3.1526381902921794
Feature_847,7.0,7.0,0.0,0.06540823720880505,1.0,0.26984164696658314,1.7367948720530486,0.9747474747474747,1.0,0.06540823720880505,0.26984164696658314,0.7105341879911586,3.1526381902921794
Feature_848,7.0,7.0,0.0,0.06540823720880505,1.0,0.26984164696658314,1.7367948720530486,0.9747474747474747,1.0,0.06540823720880505,0.26984164696658314,0.7105341879911586,3.1526381902921794
Feature_849,7.0,7.0,0.0,0.06540823720880505,1.0,0.26984164696658314,1.7367948720530486,0.9747474747474747,1.0,0.06540823720880505,0.26984164696658314,0.7105341879911586,3.1526381902921794
Feature_850,7.0,7.0,0.0,0.06540823720880505,1.0,0.26984164696658314,1.7367948720530486,0.9747474747474747,1.0,0.06540823720880505,0.26984164696658314,0.7105341879911586,3.1526381902921794
Feature_851,7.0,7.0,0.0,0.06540823720880505,1.0,0.26984164696658314,1.7367948720530486,0.9747474747474747,1.0,0.06540823720880505,0.26984164696658314,0.7105341879911586,3.1526381902921794
Feature_852,7.0,7.0,0.0,0.06540823720880505,1.0,0.26984164696658314,1.7367948720530486,0.9747474747474747,1.0,0.06540823720880505,0.26984164696658314,0.7105341879911586,3.1526381902921794
Feature_853,7.0,7.0,0.0,0.06540823720880505,1.0,0.26984164696658314,1.7367948720530486,0.9747474747474747,1.0,0.06540823720880505,0.26984164696658314,0.7105341879911586,3.1526381902921794
Feature_854,7.0,7.0,0.0,0.06540823720880505,1.0,0.26984164696658314,1.7367948720530486,0.9747474747474747,1.0,0.06540823720880505,0.26984164696658314,0.7105341879911586,3.1526381902921794
Feature_855,7.0,7.0,0.0,0.06540823720880505,1.0,0.26984164696658314,1.7367948720530486,0.9747474747474747,1.0,0.06540823720880505,0.26984164696658314,0.7105341879911586,3.1526381902921794
Feature_856,7.0,7.0,0.0,0.06540823720880505,1.0,0.26984164696658314,1.7367948720530486,0.9747474747474747,1.0,0.06540823720880505,0.26984164696658314,0.7105341879911586,3.1526381902921794
Feature_857,7.0,7.0,0.0,0.06540823720880505,1.0,0.26984164696658314,1.7367948720530486,0.9747474747474747,1.0,0.06540823720880505,0.26984164696658314,0.7105341879911586,3.1526381902921794
Feature_858,7.0,7.0,0.0,0.06540823720880505,1.0,0.26984164696658314,1.7367948720530486,0.9747474747474747,1.0,0.06540823720880505,0.26984164696658314,0.7105341879911586,3.1526381902921794
Feature_859,7.0,7.0,0.0,0.06540823720880505,1.0,0.26984164696658314,1.7367948720530486,0.9747474747474747,1.0,0.06540823720880505,0.26984164696658314,0.7105341879911586,3.1526381902921794
Feature_860,7.0,7.0,0.0,0.06540823720880505,1.0,0.26984164696658314,1.7367948720530486,0.9747474747474747,1.0,0.06540823720880505,0.26984164696658314,0.7105341879911586,3.1526381902921794
Feature_861,7.0,7.0,0.0,0.06540823720880505,1.0,0.26984164696658314,1.7367948720530486,0.9747474747474747,1.0,0.06540823720880505,0.26984164696658314,0.7105341879911586,3.1526381902921794
Feature_862,7.0,7.0,0.0,0.06540823720880505,1.0,0.26984164696658314,1.7367948720530486,0.9747474747474747,1.0,0.06540823720880505,0.26984164696658314,0.7105341879911586,3.1526381902921794
Feature_863,7.0,7.0,0.0,0.06540823720880505,1.0,0.26984164696658314,1.7367948720530486,0.9747474747474747,1.0,0.06540823720880505,0.26984164696658314,0.7105341879911586,3.1526381902921794
Feature_864,7.0,7.0,0.0,0.06540823720880505,1.0,0.26984164696658314,1.7367948720530486,0.9747474747474747,1.0,0.06540823720880505,0.26984164696658314,0.7105341879911586,3.1526381902921794
Feature_865,7.0,7.0,0.0,0.06540823720880505,1.0,0.26984164696658314,1.7367948720530486,0.9747474747474747,1.0,0.06540823720880505,0.26984164696658314,0.7105341879911586,3.1526381902921794
Feature_866,7.0,7.0,0.0,0.06540823720880505,1.0,0.26984164696658314,1.7367948720530486,0.9747474747474747,1.0,0.06540823720880505,0.26984164696658314,0.7105341879911586,3.1526381902921794
Feature_867,7.0,7.0,0.0,0.06540823720880505,1.0,0.26984164696658314,1.7367948720530486,0.9747474747474747,1.0,0.06540823720880505,0.26984164696658314,0.7105341879911586,3.1526381902921794
Feature_868,7.0,7.0,0.0,0.06540823720880505,1.0,0.26984164696658314,1.7367948720530486,0.9747474747474747,1.0,0.06540823720880505,0.26984164696658314,0.7105341879911586,3.1526381902921794
Feature_869,7.0,7.0,0.0,0.06540823720880505,1.0,0.26984164696658314,1.7367948720530486,0.9747474747474747,1.0,0.06540823720880505,0.26984164696658314,0.7105341879911586,3.1526381902921794
Feature_870,7.0,7.0,0.0,0.06540823720880505,1.0,0.26984164696658314,1.7367948720530486,0.9747474747474747,1.0,0.06540823720880505,0.26984164696658314,0.7105341879911586,3.1526381902921794
Feature_871,7.0,7.0,0.0,0.06540823720880505,1.0,0.26984164696658314,1.7367948720530486,0.9747474747474747,1.0,0.06540823720880505,0.26984164696658314,0.7105341879911586,3.1526381902921794
Feature_872,7.0,7.0,0.0,0.06540823720880505,1.0,0.26984164696658314,1.7367948720530486,0.9747474747474747,1.0,0.06540823720880505,0.26984164696658314,0.7105341879911586,3.1526381902921794
Feature_873,7.0,7.0,0.0,0.06540823720880505,1.0,0.26984164696658314,1.7367948720530486,0.9747474747474747,1.0,0.06540823720880505,0.26984164696658314,0.7105341879911586,3.1526381902921794
Feature_874,7.0,7.0,0.0,0.06540823720880505,1.0,0.26984164696658314,1.7367948720530486,0.9747474747474747,1.0,0.06540823720880505,0.26984164696658314,0.7105341879911586,3.1526381902921794
Feature_875,7.0,7.0,0.0,0.06540823720880505,1.0,0.26984164696658314,1.7367948720530486,0.9747474747474747,1.0,0.06540823720880505,0.26984164696658314,0.7105341879911586,3.1526381902921794
Feature_876,7.0,7.0,0.0,0.06540823720880505,1.0,0.26984164696658314,1.7367948720530486,0.9747474747474747,1.0,0.06540823720880505,0.26984164696658314,0.7105341879911586,3.1526381902921794
Feature_877,7.0,7.0,0.0,0.06540823720880505,1.0,0.26984164696658314,1.7367948720530486,0.9747474747474747,1.0,0.06540823720880505,0.26984164696658314,0.7105341879911586,3.1526381902921794
Feature_878,7.0,7.0,0.0,0.06540823720880505,1.0,0.26984164696658314,1.7367948720530486,0.9747474747474747,1.0,0.06540823720880505,0.26984164696658314,0.7105341879911586,3.1526381902921794
Feature_879,7.0,7.0,0.0,0.06540823720880505,1.0,0.26984164696658314,1.7367948720530486,0.9747474747474747,1.0,0.06540823720880505,0.26984164696658314,0.7105341879911586,3.1526381902921794
Feature_880,7.0,7.0,0.0,0.06540823720880505,1.0,0.26984164696658314,1.7367948720530486,0.9747474747474747,1.0,0.06540823720880505,0.26984164696658314,0.7105341879911586,3.1526381902921794
Feature_881,7.0,7.0,0.0,0.06540823720880505,1.0,0.26984164696658314,1.7367948720530486,0.9747474747474747,1.0,0.06540823720880505,0.26984164696658314,0.7105341879911586,3.1526381902921794
Feature_882,7.0,7.0,0.0,0.06540823720880505,1.0,0.26984164696658314,1.7367948720530486,0.9747474747474747,1.0,0.06540823720880505,0.26984164696658314,0.7105341879911586,3.1526381902921794
Feature_883,7.0,7.0,0.0,0.06540823720880505,1.0,0.26984164696658314,1.7367948720530486,0.9747474747474747,1.0,0.06540823720880505,0.26984164696658314,0.7105341879911586,3.1526381902921794
Feature_884,7.0,7.0,0.0,0.06540823720880505,1.0,0.26984164696658314,1.7367948720530486,0.9747474747474747,1.0,0.06540823720880505,0.26984164696658314,0.7105341879911586,3.1526381902921794
Feature_885,7.0,7.0,0.0,0.06540823720880505,1.0,0.26984164696658314,1.7367948720530486,0.9747474747474747,1.0,0.06540823720880505,0.26984164696658314,0.7105341879911586,3.1526381902921794
Feature_886,7.0,7.0,0.0,0.06540823720880505,1.0,0.26984164696658314,1.7367948720530486,0.9747474747474747,1.0,0.06540823720880505,0.26984164696658314,0.7105341879911586,3.1526381902921794
Feature_887,7.0,7.0,0.0,0.06540823720880505,1.0,0.26984164696658314,1.7367948720530486,0.9747474747474747,1.0,0.06540823720880505,0.26984164696658314,0.7105341879911586,3.1526381902921794
Feature_888,7.0,7.0,0.0,0.06540823720880505,1.0,0.26984164696658314,1.7367948720530486,0.9747474747474747,1.0,0.06540823720880505,0.26984164696658314,0.7105341879911586,3.1526381902921794
Feature_889,7.0,7.0,0.0,0.06540823720880505,1.0,0.26984164696658314,1.7367948720530486,0.9747474747474747,1.0,0.06540823720880505,0.26984164696658314,0.7105341879911586,3.1526381902921794
Feature_890,7.0,7.0,0.0,0.06540823720880505,1.0,0.26984164696658314,1.7367948720530486,0.9747474747474747,1.0,0.06540823720880505,0.26984164696658314,0.7105341879911586,3.1526381902921794
Feature_891,7.0,7.0,0.0,0.06540823720880505,1.0,0.26984164696658314,1.7367948720530486,0.9747474747474747,1.0,0.06540823720880505,0.26984164696658314,0.7105341879911586,3.1526381902921794
Feature_892,7.0,7.0,0.0,0.06540823720880505,1.0,0.26984164696658314,1.7367948720530486,0.9747474747474747,1.0,0.06540823720880505,0.26984164696658314,0.7105341879911586,3.1526381902921794
Feature_893,7.0,7.0,0.0,0.06540823720880505,1.0,0.26984164696658314,1.7367948720530486,0.9747474747474747,1.0,0.06540823720880505,0.26984164696658314,0.7105341879911586,3.1526381902921794
Feature_894,7.0,7.0,0.0,0.06540823720880505,1.0,0.26984164696658314,1.7367948720530486,0.9747474747474747,1.0,0.06540823720880505,0.26984164696658314,0.7105341879911586,3.1526381902921794
Feature_895,7.0,7.0,0.0,0.06540823720880505,1.0,0.26984164696658314,1.7367948720530486,0.9747474747474747,1.0,0.06540823720880505,0.26984164696658314,0.7105341879911586,3.1526381902921794
Feature_896,7.0,7.0,0.0,0.06540823720880505,1.0,0.26984164696658314,1.7367948720530486,0.9747474747474747,1.0,0.06540823720880505,0.26984164696658314,0.7105341879911586,3.1526381902921794
Feature_897,7.0,7.0,0.0,0.06540823720880505,1.0,0.26984164696658314,1.7367948720530486,0.9747474747474747,1.0,0.06540823720880505,0.26984164696658314,0.7105341879911586,3.1526381902921794
Feature_898,7.0,7.0,0.0,0.06540823720880505,1.0,0.26984164696658314,1.7367948720530486,0.9747474747474747,1.0,0.06540823720880505,0.26984164696658314,0.7105341879911586,3.1526381902921794
Feature_899,7.0,7.0,0.0,0.06540823720880505,1.0,0.26984164696658314,1.7367948720530486,0.9747474747474747,1.0,0.06540823720880505,0.26984164696658314,0.7105341879911586,3.1526381902921794
Feature_900,7.0,7.0,0.0,0.06540823720880505,1.0,0.26984164696658314,1.7367948720530486,0.9747474747474747,1.0,0.06540823720880505,0.26984164696658314,0.7105341879911586,3.1526381902921794
Feature_901,7.0,7.0,0.0,0.06540823720880505,1.0,0.26984164696658314,1.7367948720530486,0.9747474747474747,1.0,0.06540823720880505,0.26984164696658314,0.7105341879911586,3.1526381902921794
Feature_902,7.0,7.0,0.0,0.06540823720880505,1.0,0.26984164696658314,1.7367948720530486,0.9747474747474747,1.0,0.06540823720880505,0.26984164696658314,0.7105341879911586,3.1526381902921794
Feature_903,7.0,7.0,0.0,0.06540823720880505,1.0,0.26984164696658314,1.7367948720530486,0.9747474747474747,1.0,0.06540823720880505,0.26984164696658314,0.7105341879911586,3.1526381902921794
Feature_904,7.0,7.0,0.0,0.06540823720880505,1.0,0.26984164696658314,1.7367948720530486,0.9747474747474747,1.0,0.06540823720880505,0.26984164696658314,0.7105341879911586,3.1526381902921794
Feature_905,7.0,7.0,0.0,0.06540823720880505,1.0,0.26984164696658314,1.7367948720530486,0.9747474747474747,1.0,0.06540823720880505,0.26984164696658314,0.7105341879911586,3.1526381902921794
Feature_906,7.0,7.0,0.0,0.06540823720880505,1.0,0.26984164696658314,1.7367948720530486,0.9747474747474747,1.0,0.06540823720880505,0.26984164696658314,0.7105341879911586,3.1526381902921794
Feature_907,7.0,7.0,0.0,0.06540823720880505,1.0,0.26984164696658314,1.7367948720530486,0.9747474747474747,1.0,0.06540823720880505,0.26984164696658314,0.7105341879911586,3.1526381902921794
Feature_908,7.0,7.0,0.0,0.06540823720880505,1.0,0.26984164696658314,1.7367948720530486,0.9747474747474747,1.0,0.06540823720880505,0.26984164696658314,0.7105341879911586,3.1526381902921794
Feature_909,7.0,7.0,0.0,0.06540823720880505,1.0,0.26984164696658314,1.7367948720530486,0.9747474747474747,1.0,0.06540823720880505,0.26984164696658314,0.7105341879911586,3.1526381902921794
Feature_910,7.0,7.0,0.0,0.06540823720880505,1.0,0.26984164696658314,1.7367948720530486,0.9747474747474747,1.0,0.06540823720880505,0.26984164696658314,0.7105341879911586,3.1526381902921794
Feature_911,7.0,7.0,0.0,0.06540823720880505,1.0,0.26984164696658314,1.7367948720530486,0.9747474747474747,1.0,0.06540823720880505,0.26984164696658314,0.7105341879911586,3.1526381902921794
Feature_912,7.0,7.0,0.0,0.06540823720880505,1.0,0.26984164696658314,1.7367948720530486,0.9747474747474747,1.0,0.06540823720880505,0.26984164696658314,0.7105341879911586,3.1526381902921794
Feature_913,7.0,7.0,0.0,0.06540823720880505,1.0,0.26984164696658314,1.7367948720530486,0.9747474747474747,1.0,0.06540823720880505,0.26984164696658314,0.7105341879911586,3.1526381902921794
Feature_914,7.0,7.0,0.0,0.06540823720880505,1.0,0.26984164696658314,1.7367948720530486,0.9747474747474747,1.0,0.06540823720880505,0.26984164696658314,0.7105341879911586,3.1526381902921794
Feature_915,7.0,7.0,0.0,0.06540823720880505,1.0,0.26984164696658314,1.7367948720530486,0.9747474747474747,1.0,0.06540823720880505,0.26984164696658314,0.7105341879911586,3.1526381902921794
Feature_916,7.0,7.0,0.0,0.06540823720880505,1.0,0.26984164696658314,1.7367948720530486,0.9747474747474747,1.0,0.06540823720880505,0.26984164696658314,0.7105341879911586,3.1526381902921794
Feature_917,7.0,7.0,0.0,0.06540823720880505,1.0,0.26984164696658314,1.7367948720530486,0.9747474747474747,1.0,0.06540823720880505,0.26984164696658314,0.7105341879911586,3.1526381902921794
Feature_918,7.0,7.0,0.0,0.06540823720880505,1.0,0.26984164696658314,1.7367948720530486,0.9747474747474747,1.0,0.06540823720880505,0.26984164696658314,0.7105341879911586,3.1526381902921794
Feature_919,7.0,7.0,0.0,0.06540823720880505,1.0,0.26984164696658314,1.7367948720530486,0.9747474747474747,1.0,0.06540823720880505,0.26984164696658314,0.7105341879911586,3.1526381902921794
Feature_920,7.0,7.0,0.0,0.06540823720880505,1.0,0.26984164696658314,1.7367948720530486,0.9747474747474747,1.0,0.06540823720880505,0.26984164696658314,0.7105341879911586,3.1526381902921794
Feature_921,7.0,7.0,0.0,0.06540823720880505,1.0,0.26984164696658314,1.7367948720530486,0.9747474747474747,1.0,0.06540823720880505,0.26984164696658314,0.7105341879911586,3.1526381902921794
Feature_922,7.0,7.0,0.0,0.06540823720880505,1.0,0.26984164696658314,1.7367948720530486,0.9747474747474747,1.0,0.06540823720880505,0.26984164696658314,0.7105341879911586,3.1526381902921794
Feature_923,7.0,7.0,0.0,0.06540823720880505,1.0,0.26984164696658314,1.7367948720530486,0.9747474747474747,1.0,0.06540823720880505,0.26984164696658314,0.7105341879911586,3.1526381902921794
Feature_924,7.0,7.0,0.0,0.06540823720880505,1.0,0.26984164696658314,1.7367948720530486,0.9747474747474747,1.0,0.06540823720880505,0.26984164696658314,0.7105341879911586,3.1526381902921794
Feature_925,7.0,7.0,0.0,0.06540823720880505,1.0,0.26984164696658314,1.7367948720530486,0.9747474747474747,1.0,0.06540823720880505,0.26984164696658314,0.7105341879911586,3.1526381902921794
Feature_926,7.0,7.0,0.0,0.06540823720880505,1.0,0.26984164696658314,1.7367948720530486,0.9747474747474747,1.0,0.06540823720880505,0.26984164696658314,0.7105341879911586,3.1526381902921794
Feature_927,7.0,7.0,0.0,0.06540823720880505,1.0,0.26984164696658314,1.7367948720530486,0.9747474747474747,1.0,0.06540823720880505,0.26984164696658314,0.7105341879911586,3.1526381902921794
Feature_928,7.0,7.0,0.0,0.06540823720880505,1.0,0.26984164696658314,1.7367948720530486,0.9747474747474747,1.0,0.06540823720880505,0.26984164696658314,0.7105341879911586,3.1526381902921794
Feature_929,7.0,7.0,0.0,0.06540823720880505,1.0,0.26984164696658314,1.7367948720530486,0.9747474747474747,1.0,0.06540823720880505,0.26984164696658314,0.7105341879911586,3.1526381902921794
Feature_930,7.0,7.0,0.0,0.06540823720880505,1.0,0.26984164696658314,1.7367948720530486,0.9747474747474747,1.0,0.06540823720880505,0.26984164696658314,0.7105341879911586,3.1526381902921794
Feature_931,7.0,7.0,0.0,0.06540823720880505,1.0,0.26984164696658314,1.7367948720530486,0.9747474747474747,1.0,0.06540823720880505,0.26984164696658314,0.7105341879911586,3.1526381902921794
Feature_932,7.0,7.0,0.0,0.06540823720880505,1.0,0.26984164696658314,1.7367948720530486,0.9747474747474747,1.0,0.06540823720880505,0.26984164696658314,0.7105341879911586,3.1526381902921794
Feature_933,7.0,7.0,0.0,0.06540823720880505,1.0,0.26984164696658314,1.7367948720530486,0.9747474747474747,1.0,0.06540823720880505,0.26984164696658314,0.7105341879911586,3.1526381902921794
Feature_934,7.0,7.0,0.0,0.06540823720880505,1.0,0.26984164696658314,1.7367948720530486,0.9747474747474747,1.0,0.06540823720880505,0.26984164696658314,0.7105341879911586,3.1526381902921794
Feature_935,7.0,7.0,0.0,0.06540823720880505,1.0,0.26984164696658314,1.7367948720530486,0.9747474747474747,1.0,0.06540823720880505,0.26984164696658314,0.7105341879911586,3.1526381902921794
Feature_936,7.0,7.0,0.0,0.06540823720880505,1.0,0.26984164696658314,1.7367948720530486,0.9747474747474747,1.0,0.06540823720880505,0.26984164696658314,0.7105341879911586,3.1526381902921794
Feature_937,7.0,7.0,0.0,0.06540823720880505,1.0,0.26984164696658314,1.7367948720530486,0.9747474747474747,1.0,0.06540823720880505,0.26984164696658314,0.7105341879911586,3.1526381902921794
Feature_938,7.0,7.0,0.0,0.06540823720880505,1.0,0.26984164696658314,1.7367948720530486,0.9747474747474747,1.0,0.06540823720880505,0.26984164696658314,0.7105341879911586,3.1526381902921794
Feature_939,7.0,7.0,0.0,0.06540823720880505,1.0,0.26984164696658314,1.7367948720530486,0.9747474747474747,1.0,0.06540823720880505,0.26984164696658314,0.7105341879911586,3.1526381902921794
Feature_940,7.0,7.0,0.0,0.06540823720880505,1.0,0.26984164696658314,1.7367948720530486,0.9747474747474747,1.0,0.06540823720880505,0.26984164696658314,0.7105341879911586,3.1526381902921794
Feature_941,7.0,7.0,0.0,0.06540823720880505,1.0,0.26984164696658314,1.7367948720530486,0.9747474747474747,1.0,0.06540823720880505,0.26984164696658314,0.7105341879911586,3.1526381902921794
Feature_942,7.0,7.0,0.0,0.06540823720880505,1.0,0.26984164696658314,1.7367948720530486,0.9747474747474747,1.0,0.06540823720880505,0.26984164696658314,0.7105341879911586,3.1526381902921794
Feature_943,7.0,7.0,0.0,0.06540823720880505,1.0,0.26984164696658314,1.7367948720530486,0.9747474747474747,1.0,0.06540823720880505,0.26984164696658314,0.7105341879911586,3.1526381902921794
Feature_944,7.0,7.0,0.0,0.06540823720880505,1.0,0.26984164696658314,1.7367948720530486,0.9747474747474747,1.0,0.06540823720880505,0.26984164696658314,0.7105341879911586,3.1526381902921794
Feature_945,7.0,7.0,0.0,0.06540823720880505,1.0,0.26984164696658314,1.7367948720530486,0.9747474747474747,1.0,0.06540823720880505,0.26984164696658314,0.7105341879911586,3.1526381902921794
Feature_946,7.0,7.0,0.0,0.06540823720880505,1.0,0.26984164696658314,1.7367948720530486,0.9747474747474747,1.0,0.06540823720880505,0.26984164696658314,0.7105341879911586,3.1526381902921794
Feature_947,7.0,7.0,0.0,0.06540823720880505,1.0,0.26984164696658314,1.7367948720530486,0.9747474747474747,1.0,0.06540823720880505,0.26984164696658314,0.7105341879911586,3.1526381902921794
Feature_948,7.0,7.0,0.0,0.06540823720880505,1.0,0.26984164696658314,1.7367948720530486,0.9747474747474747,1.0,0.06540823720880505,0.26984164696658314,0.7105341879911586,3.1526381902921794
Feature_949,7.0,7.0,0.0,0.06540823720880505,1.0,0.26984164696658314,1.7367948720530486,0.9747474747474747,1.0,0.06540823720880505,0.26984164696658314,0.7105341879911586,3.1526381902921794
Feature_950,7.0,7.0,0.0,0.06540823720880505,1.0,0.26984164696658314,1.7367948720530486,0.9747474747474747,1.0,0.06540823720880505,0.26984164696658314,0.7105341879911586,3.1526381902921794
Feature_951,7.0,7.0,0.0,0.06540823720880505,1.0,0.26984164696658314,1.7367948720530486,0.9747474747474747,1.0,0.06540823720880505,0.26984164696658314,0.7105341879911586,3.1526381902921794
Feature_952,7.0,7.0,0.0,0.06540823720880505,1.0,0.26984164696658314,1.7367948720530486,0.9747474747474747,1.0,0.06540823720880505,0.26984164696658314,0.7105341879911586,3.1526381902921794
Feature_953,7.0,7.0,0.0,0.06540823720880505,1.0,0.26984164696658314,1.7367948720530486,0.9747474747474747,1.0,0.06540823720880505,0.26984164696658314,0.7105341879911586,3.1526381902921794
Feature_954,7.0,7.0,0.0,0.06540823720880505,1.0,0.26984164696658314,1.7367948720530486,0.9747474747474747,1.0,0.06540823720880505,0.26984164696658314,0.7105341879911586,3.1526381902921794
Feature_955,7.0,7.0,0.0,0.06540823720880505,1.0,0.26984164696658314,1.7367948720530486,0.9747474747474747,1.0,0.06540823720880505,0.26984164696658314,0.7105341879911586,3.1526381902921794
Feature_956,7.0,7.0,0.0,0.06540823720880505,1.0,0.26984164696658314,1.7367948720530486,0.9747474747474747,1.0,0.06540823720880505,0.26984164696658314,0.7105341879911586,3.1526381902921794
Feature_957,7.0,7.0,0.0,0.06540823720880505,1.0,0.26984164696658314,1.7367948720530486,0.9747474747474747,1.0,0.06540823720880505,0.26984164696658314,0.7105341879911586,3.1526381902921794
Feature_958,7.0,7.0,0.0,0.06540823720880505,1.0,0.26984164696658314,1.7367948720530486,0.9747474747474747,1.0,0.06540823720880505,0.26984164696658314,0.7105341879911586,3.1526381902921794
Feature_959,7.0,7.0,0.0,0.06540823720880505,1.0,0.26984164696658314,1.7367948720530486,0.9747474747474747,1.0,0.06540823720880505,0.26984164696658314,0.7105341879911586,3.1526381902921794
Feature_960,7.0,7.0,0.0,0.06540823720880505,1.0,0.26984164696658314,1.7367948720530486,0.9747474747474747,1.0,0.06540823720880505,0.26984164696658314,0.7105341879911586,3.1526381902921794
Feature_961,7.0,7.0,0.0,0.06540823720880505,1.0,0.26984164696658314,1.7367948720530486,0.9747474747474747,1.0,0.06540823720880505,0.26984164696658314,0.7105341879911586,3.1526381902921794
Feature_962,7.0,7.0,0.0,0.06540823720880505,1.0,0.26984164696658314,1.7367948720530486,0.9747474747474747,1.0,0.06540823720880505,0.26984164696658314,0.7105341879911586,3.1526381902921794
Feature_963,7.0,7.0,0.0,0.06540823720880505,1.0,0.26984164696658314,1.7367948720530486,0.9747474747474747,1.0,0.06540823720880505,0.26984164696658314,0.7105341879911586,3.1526381902921794
Feature_964,7.0,7.0,0.0,0.06540823720880505,1.0,0.26984164696658314,1.7367948720530486,0.9747474747474747,1.0,0.06540823720880505,0.26984164696658314,0.7105341879911586,3.1526381902921794
Feature_965,7.0,7.0,0.0,0.06540823720880505,1.0,0.26984164696658314,1.7367948720530486,0.9747474747474747,1.0,0.06540823720880505,0.26984164696658314,0.7105341879911586,3.1526381902921794
Feature_966,7.0,7.0,0.0,0.06540823720880505,1.0,0.26984164696658314,1.7367948720530486,0.9747474747474747,1.0,0.06540823720880505,0.26984164696658314,0.7105341879911586,3.1526381902921794
Feature_967,7.0,7.0,0.0,0.06540823720880505,1.0,0.26984164696658314,1.7367948720530486,0.9747474747474747,1.0,0.06540823720880505,0.26984164696658314,0.7105341879911586,3.1526381902921794
Feature_968,7.0,7.0,0.0,0.06540823720880505,1.0,0.26984164696658314,1.7367948720530486,0.9747474747474747,1.0,0.06540823720880505,0.26984164696658314,0.7105341879911586,3.1526381902921794
Feature_969,7.0,7.0,0.0,0.06540823720880505,1.0,0.26984164696658314,1.7367948720530486,0.9747474747474747,1.0,0.06540823720880505,0.26984164696658314,0.7105341879911586,3.1526381902921794
Feature_970,7.0,7.0,0.0,0.06540823720880505,1.0,0.26984164696658314,1.7367948720530486,0.9747474747474747,1.0,0.06540823720880505,0.26984164696658314,0.7105341879911586,3.1526381902921794
Feature_971,7.0,7.0,0.0,0.06540823720880505,1.0,0.26984164696658314,1.7367948720530486,0.9747474747474747,1.0,0.06540823720880505,0.26984164696658314,0.7105341879911586,3.1526381902921794
Feature_972,7.0,7.0,0.0,0.06540823720880505,1.0,0.26984164696658314,1.7367948720530486,0.9747474747474747,1.0,0.06540823720880505,0.26984164696658314,0.7105341879911586,3.1526381902921794
Feature_973,7.0,7.0,0.0,0.06540823720880505,1.0,0.26984164696658314,1.7367948720530486,0.9747474747474747,1.0,0.06540823720880505,0.26984164696658314,0.7105341879911586,3.1526381902921794
Feature_974,7.0,7.0,0.0,0.06540823720880505,1.0,0.26984164696658314,1.7367948720530486,0.9747474747474747,1.0,0.06540823720880505,0.26984164696658314,0.7105341879911586,3.1526381902921794
Feature_975,7.0,7.0,0.0,0.06540823720880505,1.0,0.26984164696658314,1.7367948720530486,0.9747474747474747,1.0,0.06540823720880505,0.26984164696658314,0.7105341879911586,3.1526381902921794
Feature_976,7.0,7.0,0.0,0.06540823720880505,1.0,0.26984164696658314,1.7367948720530486,0.9747474747474747,1.0,0.06540823720880505,0.26984164696658314,0.7105341879911586,3.1526381902921794
Feature_977,7.0,7.0,0.0,0.06540823720880505,1.0,0.26984164696658314,1.7367948720530486,0.9747474747474747,1.0,0.06540823720880505,0.26984164696658314,0.7105341879911586,3.1526381902921794
Feature_978,7.0,7.0,0.0,0.06540823720880505,1.0,0.26984164696658314,1.7367948720530486,0.9747474747474747,1.0,0.06540823720880505,0.26984164696658314,0.7105341879911586,3.1526381902921794
Feature_979,7.0,7.0,0.0,0.06540823720880505,1.0,0.26984164696658314,1.7367948720530486,0.9747474747474747,1.0,0.06540823720880505,0.26984164696658314,0.7105341879911586,3.1526381902921794
Feature_980,7.0,7.0,0.0,0.06540823720880505,1.0,0.26984164696658314,1.7367948720530486,0.9747474747474747,1.0,0.06540823720880505,0.26984164696658314,0.7105341879911586,3.1526381902921794
Feature_981,7.0,7.0,0.0,0.06540823720880505,1.0,0.26984164696658314,1.7367948720530486,0.9747474747474747,1.0,0.06540823720880505,0.26984164696658314,0.7105341879911586,3.1526381902921794
Feature_982,7.0,7.0,0.0,0.06540823720880505,1.0,0.26984164696658314,1.7367948720530486,0.9747474747474747,1.0,0.06540823720880505,0.26984164696658314,0.7105341879911586,3.1526381902921794
Feature_983,7.0,7.0,0.0,0.06540823720880505,1.0,0.26984164696658314,1.7367948720530486,0.9747474747474747,1.0,0.06540823720880505,0.26984164696658314,0.7105341879911586,3.1526381902921794
Feature_984,7.0,7.0,0.0,0.06540823720880505,1.0,0.26984164696658314,1.7367948720530486,0.9747474747474747,1.0,0.06540823720880505,0.26984164696658314,0.7105341879911586,3.1526381902921794
Feature_985,7.0,7.0,0.0,0.06540823720880505,1.0,0.26984164696658314,1.7367948720530486,0.9747474747474747,1.0,0.06540823720880505,0.26984164696658314,0.7105341879911586,3.1526381902921794
Feature_986,7.0,7.0,0.0,0.06540823720880505,1.0,0.26984164696658314,1.7367948720530486,0.9747474747474747,1.0,0.06540823720880505,0.26984164696658314,0.7105341879911586,3.1526381902921794
Feature_987,7.0,7.0,0.0,0.06540823720880505,1.0,0.26984164696658314,1.7367948720530486,0.9747474747474747,1.0,0.06540823720880505,0.26984164696658314,0.7105341879911586,3.1526381902921794
Feature_988,7.0,7.0,0.0,0.06540823720880505,1.0,0.26984164696658314,1.7367948720530486,0.9747474747474747,1.0,0.06540823720880505,0.26984164696658314,0.7105341879911586,3.1526381902921794
Feature_989,7.0,7.0,0.0,0.06540823720880505,1.0,0.26984164696658314,1.7367948720530486,0.9747474747474747,1.0,0.06540823720880505,0.26984164696658314,0.7105341879911586,3.1526381902921794
Feature_990,7.0,7.0,0.0,0.06540823720880505,1.0,0.26984164696658314,1.7367948720530486,0.9747474747474747,1.0,0.06540823720880505,0.26984164696658314,0.7105341879911586,3.1526381902921794
Feature_991,7.0,7.0,0.0,0.06540823720880505,1.0,0.26984164696658314,1.7367948720530486,0.9747474747474747,1.0,0.06540823720880505,0.26984164696658314,0.7105341879911586,3.1526381902921794
Feature_992,7.0,7.0,0.0,0.06540823720880505,1.0,0.26984164696658314,1.7367948720530486,0.9747474747474747,1.0,0.06540823720880505,0.26984164696658314,0.7105341879911586,3.1526381902921794
Feature_993,7.0,7.0,0.0,0.06540823720880505,1.0,0.26984164696658314,1.7367948720530486,0.9747474747474747,1.0,0.06540823720880505,0.26984164696658314,0.7105341879911586,3.1526381902921794
Feature_994,7.0,7.0,0.0,0.06540823720880505,1.0,0.26984164696658314,1.7367948720530486,0.9747474747474747,1.0,0.06540823720880505,0.26984164696658314,0.7105341879911586,3.1526381902921794
Feature_995,7.0,7.0,0.0,0.06540823720880505,1.0,0.26984164696658314,1.7367948720530486,0.9747474747474747,1.0,0.06540823720880505,0.26984164696658314,0.7105341879911586,3.1526381902921794
Feature_996,7.0,7.0,0.0,0.06540823720880505,1.0,0.26984164696658314,1.7367948720530486,0.9747474747474747,1.0,0.06540823720880505,0.26984164696658314,0.7105341879911586,3.1526381902921794
Feature_997,7.0,7.0,0.0,0.06540823720880505,1.0,0.26984164696658314,1.7367948720530486,0.9747474747474747,1.0,0.06540823720880505,0.26984164696658314,0.7105341879911586,3.1526381902921794
Feature_998,7.0,7.0,0.0,0.06540823720880505,1.0,0.26984164696658314,1.7367948720530486,0.9747474747474747,1.0,0.06540823720880505,0.26984164696658314,0.7105341879911586,3.1526381902921794
Feature_999,7.0,7.0,0.0,0.06540823720880505,1.0,0.26984164696658314,1.7367948720530486,0.9747474747474747,1.0,0.06540823720880505,0.26984164696658314,0.7105341879911586,3.1526381902921794
Feature_1000,7.0,7.0,0.0,0.06540823720880505,1.0,0.26984164696658314,1.7367948720530486,0.9747474747474747,1.0,0.06540823720880505,0.26984164696658314,0.7105341879911586,3.1526381902921794
Feature_1001,7.0,7.0,0.0,0.06540823720880505,1.0,0.26984164696658314,1.7367948720530486,0.9747474747474747,1.0,0.06540823720880505,0.26984164696658314,0.7105341879911586,3.1526381902921794
Feature_1002,7.0,7.0,0.0,0.06540823720880505,1.0,0.26984164696658314,1.7367948720530486,0.9747474747474747,1.0,0.06540823720880505,0.26984164696658314,0.7105341879911586,3.1526381902921794
Feature_1003,7.0,7.0,0.0,0.06540823720880505,1.0,0.26984164696658314,1.7367948720530486,0.9747474747474747,1.0,0.06540823720880505,0.26984164696658314,0.7105341879911586,3.1526381902921794
Feature_1004,7.0,7.0,0.0,0.06540823720880505,1.0,0.26984164696658314,1.7367948720530486,0.9747474747474747,1.0,0.06540823720880505,0.26984164696658314,0.7105341879911586,3.1526381902921794
Feature_1005,7.0,7.0,0.0,0.06540823720880505,1.0,0.26984164696658314,1.7367948720530486,0.9747474747474747,1.0,0.06540823720880505,0.26984164696658314,0.7105341879911586,3.1526381902921794
Feature_1006,7.0,7.0,0.0,0.06540823720880505,1.0,0.26984164696658314,1.7367948720530486,0.9747474747474747,1.0,0.06540823720880505,0.26984164696658314,0.7105341879911586,3.1526381902921794
Feature_1007,7.0,7.0,0.0,0.06540823720880505,1.0,0.26984164696658314,1.7367948720530486,0.9747474747474747,1.0,0.06540823720880505,0.26984164696658314,0.7105341879911586,3.1526381902921794
Feature_1008,7.0,7.0,0.0,0.06540823720880505,1.0,0.26984164696658314,1.7367948720530486,0.9747474747474747,1.0,0.06540823720880505,0.26984164696658314,0.7105341879911586,3.1526381902921794
Feature_1009,7.0,7.0,0.0,0.06540823720880505,1.0,0.26984164696658314,1.7367948720530486,0.9747474747474747,1.0,0.06540823720880505,0.26984164696658314,0.7105341879911586,3.1526381902921794
Feature_1010,7.0,7.0,0.0,0.06540823720880505,1.0,0.26984164696658314,1.7367948720530486,0.9747474747474747,1.0,0.06540823720880505,0.26984164696658314,0.7105341879911586,3.1526381902921794
Feature_1011,7.0,7.0,0.0,0.06540823720880505,1.0,0.26984164696658314,1.7367948720530486,0.9747474747474747,1.0,0.06540823720880505,0.26984164696658314,0.7105341879911586,3.1526381902921794
Feature_1012,7.0,7.0,0.0,0.06540823720880505,1.0,0.26984164696658314,1.7367948720530486,0.9747474747474747,1.0,0.06540823720880505,0.26984164696658314,0.7105341879911586,3.1526381902921794
Feature_1013,7.0,7.0,0.0,0.06540823720880505,1.0,0.26984164696658314,1.7367948720530486,0.9747474747474747,1.0,0.06540823720880505,0.26984164696658314,0.7105341879911586,3.1526381902921794
Feature_1014,7.0,7.0,0.0,0.06540823720880505,1.0,0.26984164696658314,1.7367948720530486,0.9747474747474747,1.0,0.06540823720880505,0.26984164696658314,0.7105341879911586,3.1526381902921794
Feature_1015,7.0,7.0,0.0,0.06540823720880505,1.0,0.26984164696658314,1.7367948720530486,0.9747474747474747,1.0,0.06540823720880505,0.26984164696658314,0.7105341879911586,3.1526381902921794
Feature_1016,7.0,7.0,0.0,0.06540823720880505,1.0,0.26984164696658314,1.7367948720530486,0.9747474747474747,1.0,0.06540823720880505,0.26984164696658314,0.7105341879911586,3.1526381902921794
Feature_1017,7.0,7.0,0.0,0.06540823720880505,1.0,0.26984164696658314,1.7367948720530486,0.9747474747474747,1.0,0.06540823720880505,0.26984164696658314,0.7105341879911586,3.1526381902921794
Feature_1018,7.0,7.0,0.0,0.06540823720880505,1.0,0.26984164696658314,1.7367948720530486,0.9747474747474747,1.0,0.06540823720880505,0.26984164696658314,0.7105341879911586,3.1526381902921794
Feature_1019,7.0,7.0,0.0,0.06540823720880505,1.0,0.26984164696658314,1.7367948720530486,0.9747474747474747,1.0,0.06540823720880505,0.26984164696658314,0.7105341879911586,3.1526381902921794
Feature_1020,7.0,7.0,0.0,0.06540823720880505,1.0,0.26984164696658314,1.7367948720530486,0.9747474747474747,1.0,0.06540823720880505,0.26984164696658314,0.7105341879911586,3.1526381902921794
Feature_1021,7.0,7.0,0.0,0.06540823720880505,1.0,0.26984164696658314,1.7367948720530486,0.9747474747474747,1.0,0.06540823720880505,0.26984164696658314,0.7105341879911586,3.1526381902921794
Feature_1022,7.0,7.0,0.0,0.06540823720880505,1.0,0.26984164696658314,1.7367948720530486,0.9747474747474747,1.0,0.06540823720880505,0.26984164696658314,0.7105341879911586,3.1526381902921794
Feature_1023,7.0,7.0,0.0,0.06540823720880505,1.0,0.26984164696658314,1.7367948720530486,0.9747474747474747,1.0,0.06540823720880505,0.26984164696658314,0.7105341879911586,3.1526381902921794
Feature_1024,7.0,7.0,0.0,0.06540823720880505,1.0,0.26984164696658314,1.7367948720530486,0.9747474747474747,1.0,0.06540823720880505,0.26984164696658314,0.7105341879911586,3.1526381902921794
Feature_1025,7.0,7.0,0.0,0.06540823720880505,1.0,0.26984164696658314,1.7367948720530486,0.9747474747474747,1.0,0.06540823720880505,0.26984164696658314,0.7105341879911586,3.1526381902921794
Feature_1026,7.0,7.0,0.0,0.06540823720880505,1.0,0.26984164696658314,1.7367948720530486,0.9747474747474747,1.0,0.06540823720880505,0.26984164696658314,0.7105341879911586,3.1526381902921794
Feature_1027,7.0,7.0,0.0,0.06540823720880505,1.0,0.26984164696658314,1.7367948720530486,0.9747474747474747,1.0,0.06540823720880505,0.26984164696658314,0.7105341879911586,3.1526381902921794
Feature_1028,7.0,7.0,0.0,0.06540823720880505,1.0,0.26984164696658314,1.7367948720530486,0.9747474747474747,1.0,0.06540823720880505,0.26984164696658314,0.7105341879911586,3.1526381902921794
Feature_1029,7.0,7.0,0.0,0.06540823720880505,1.0,0.26984164696658314,1.7367948720530486,0.9747474747474747,1.0,0.06540823720880505,0.26984164696658314,0.7105341879911586,3.1526381902921794
Feature_1030,7.0,7.0,0.0,0.06540823720880505,1.0,0.26984164696658314,1.7367948720530486,0.9747474747474747,1.0,0.06540823720880505,0.26984164696658314,0.7105341879911586,3.1526381902921794
Feature_1031,7.0,7.0,0.0,0.06540823720880505,1.0,0.26984164696658314,1.7367948720530486,0.9747474747474747,1.0,0.06540823720880505,0.26984164696658314,0.7105341879911586,3.1526381902921794
Feature_1032,7.0,7.0,0.0,0.06540823720880505,1.0,0.26984164696658314,1.7367948720530486,0.9747474747474747,1.0,0.06540823720880505,0.26984164696658314,0.7105341879911586,3.1526381902921794
Feature_1033,7.0,7.0,0.0,0.06540823720880505,1.0,0.26984164696658314,1.7367948720530486,0.9747474747474747,1.0,0.06540823720880505,0.26984164696658314,0.7105341879911586,3.1526381902921794
Feature_1034,7.0,7.0,0.0,0.06540823720880505,1.0,0.26984164696658314,1.7367948720530486,0.9747474747474747,1.0,0.06540823720880505,0.26984164696658314,0.7105341879911586,3.1526381902921794
Feature_1035,7.0,7.0,0.0,0.06540823720880505,1.0,0.26984164696658314,1.7367948720530486,0.9747474747474747,1.0,0.06540823720880505,0.26984164696658314,0.7105341879911586,3.1526381902921794
Feature_1036,7.0,7.0,0.0,0.06540823720880505,1.0,0.26984164696658314,1.7367948720530486,0.9747474747474747,1.0,0.06540823720880505,0.26984164696658314,0.7105341879911586,3.1526381902921794
Feature_1037,7.0,7.0,0.0,0.06540823720880505,1.0,0.26984164696658314,1.7367948720530486,0.9747474747474747,1.0,0.06540823720880505,0.26984164696658314,0.7105341879911586,3.1526381902921794
Feature_1038,7.0,7.0,0.0,0.06540823720880505,1.0,0.26984164696658314,1.7367948720530486,0.9747474747474747,1.0,0.06540823720880505,0.26984164696658314,0.7105341879911586,3.1526381902921794
Feature_1039,7.0,7.0,0.0,0.06540823720880505,1.0,0.26984164696658314,1.7367948720530486,0.9747474747474747,1.0,0.06540823720880505,0.26984164696658314,0.7105341879911586,3.1526381902921794
Feature_1040,7.0,7.0,0.0,0.06540823720880505,1.0,0.26984164696658314,1.7367948720530486,0.9747474747474747,1.0,0.06540823720880505,0.26984164696658314,0.7105341879911586,3.1526381902921794
Feature_1041,7.0,7.0,0.0,0.06540823720880505,1.0,0.26984164696658314,1.7367948720530486,0.9747474747474747,1.0,0.06540823720880505,0.26984164696658314,0.7105341879911586,3.1526381902921794
Feature_1042,7.0,7.0,0.0,0.06540823720880505,1.0,0.26984164696658314,1.7367948720530486,0.9747474747474747,1.0,0.06540823720880505,0.26984164696658314,0.7105341879911586,3.1526381902921794
Feature_1043,7.0,7.0,0.0,0.06540823720880505,1.0,0.26984164696658314,1.7367948720530486,0.9747474747474747,1.0,0.06540823720880505,0.26984164696658314,0.7105341879911586,3.1526381902921794
Feature_1044,7.0,7.0,0.0,0.06540823720880505,1.0,0.26984164696658314,1.7367948720530486,0.9747474747474747,1.0,0.06540823720880505,0.26984164696658314,0.7105341879911586,3.1526381902921794
Feature_1045,7.0,7.0,0.0,0.06540823720880505,1.0,0.26984164696658314,1.7367948720530486,0.9747474747474747,1.0,0.06540823720880505,0.26984164696658314,0.7105341879911586,3.1526381902921794
Feature_1046,7.0,7.0,0.0,0.06540823720880505,1.0,0.26984164696658314,1.7367948720530486,0.9747474747474747,1.0,0.06540823720880505,0.26984164696658314,0.7105341879911586,3.1526381902921794
Feature_1047,7.0,7.0,0.0,0.06540823720880505,1.0,0.26984164696658314,1.7367948720530486,0.9747474747474747,1.0,0.06540823720880505,0.26984164696658314,0.7105341879911586,3.1526381902921794
Feature_1048,7.0,7.0,0.0,0.06540823720880505,1.0,0.26984164696658314,1.7367948720530486,0.9747474747474747,1.0,0.06540823720880505,0.26984164696658314,0.7105341879911586,3.1526381902921794
Feature_1049,7.0,7.0,0.0,0.06540823720880505,1.0,0.26984164696658314,1.7367948720530486,0.9747474747474747,1.0,0.06540823720880505,0.26984164696658314,0.7105341879911586,3.1526381902921794
Feature_1050,7.0,7.0,0.0,0.06540823720880505,1.0,0.26984164696658314,1.7367948720530486,0.9747474747474747,1.0,0.06540823720880505,0.26984164696658314,0.7105341879911586,3.1526381902921794
Feature_1051,7.0,7.0,0.0,0.06540823720880505,1.0,0.26984164696658314,1.7367948720530486,0.9747474747474747,1.0,0.06540823720880505,0.26984164696658314,0.7105341879911586,3.1526381902921794
Feature_1052,7.0,7.0,0.0,0.06540823720880505,1.0,0.26984164696658314,1.7367948720530486,0.9747474747474747,1.0,0.06540823720880505,0.26984164696658314,0.7105341879911586,3.1526381902921794
Feature_1053,7.0,7.0,0.0,0.06540823720880505,1.0,0.26984164696658314,1.7367948720530486,0.9747474747474747,1.0,0.06540823720880505,0.26984164696658314,0.7105341879911586,3.1526381902921794
Feature_1054,7.0,7.0,0.0,0.06540823720880505,1.0,0.26984164696658314,1.7367948720530486,0.9747474747474747,1.0,0.06540823720880505,0.26984164696658314,0.7105341879911586,3.1526381902921794
Feature_1055,7.0,7.0,0.0,0.06540823720880505,1.0,0.26984164696658314,1.7367948720530486,0.9747474747474747,1.0,0.06540823720880505,0.26984164696658314,0.7105341879911586,3.1526381902921794
Feature_1056,7.0,7.0,0.0,0.06540823720880505,1.0,0.26984164696658314,1.7367948720530486,0.9747474747474747,1.0,0.06540823720880505,0.26984164696658314,0.7105341879911586,3.1526381902921794
Feature_1057,7.0,7.0,0.0,0.06540823720880505,1.0,0.26984164696658314,1.7367948720530486,0.9747474747474747,1.0,0.06540823720880505,0.26984164696658314,0.7105341879911586,3.1526381902921794
Feature_1058,7.0,7.0,0.0,0.06540823720880505,1.0,0.26984164696658314,1.7367948720530486,0.9747474747474747,1.0,0.06540823720880505,0.26984164696658314,0.7105341879911586,3.1526381902921794
Feature_1059,7.0,7.0,0.0,0.06540823720880505,1.0,0.26984164696658314,1.7367948720530486,0.9747474747474747,1.0,0.06540823720880505,0.26984164696658314,0.7105341879911586,3.1526381902921794
Feature_1060,7.0,7.0,0.0,0.06540823720880505,1.0,0.26984164696658314,1.7367948720530486,0.9747474747474747,1.0,0.06540823720880505,0.26984164696658314,0.7105341879911586,3.1526381902921794
Feature_1061,7.0,7.0,0.0,0.06540823720880505,1.0,0.26984164696658314,1.7367948720530486,0.9747474747474747,1.0,0.06540823720880505,0.26984164696658314,0.7105341879911586,3.1526381902921794
Feature_1062,7.0,7.0,0.0,0.06540823720880505,1.0,0.26984164696658314,1.7367948720530486,0.9747474747474747,1.0,0.06540823720880505,0.26984164696658314,0.7105341879911586,3.1526381902921794
Feature_1063,7.0,7.0,0.0,0.06540823720880505,1.0,0.26984164696658314,1.7367948720530486,0.9747474747474747,1.0,0.06540823720880505,0.26984164696658314,0.7105341879911586,3.1526381902921794
Feature_1064,7.0,7.0,0.0,0.06540823720880505,1.0,0.26984164696658314,1.7367948720530486,0.9747474747474747,1.0,0.06540823720880505,0.26984164696658314,0.7105341879911586,3.1526381902921794
Feature_1065,7.0,7.0,0.0,0.06540823720880505,1.0,0.26984164696658314,1.7367948720530486,0.9747474747474747,1.0,0.06540823720880505,0.26984164696658314,0.7105341879911586,3.1526381902921794
Feature_1066,7.0,7.0,0.0,0.06540823720880505,1.0,0.26984164696658314,1.7367948720530486,0.9747474747474747,1.0,0.06540823720880505,0.26984164696658314,0.7105341879911586,3.1526381902921794
Feature_1067,7.0,7.0,0.0,0.06540823720880505,1.0,0.26984164696658314,1.7367948720530486,0.9747474747474747,1.0,0.06540823720880505,0.26984164696658314,0.7105341879911586,3.1526381902921794
Feature_1068,7.0,7.0,0.0,0.06540823720880505,1.0,0.26984164696658314,1.7367948720530486,0.9747474747474747,1.0,0.06540823720880505,0.26984164696658314,0.7105341879911586,3.1526381902921794
Feature_1069,7.0,7.0,0.0,0.06540823720880505,1.0,0.26984164696658314,1.7367948720530486,0.9747474747474747,1.0,0.06540823720880505,0.26984164696658314,0.7105341879911586,3.1526381902921794
Feature_1070,7.0,7.0,0.0,0.06540823720880505,1.0,0.26984164696658314,1.7367948720530486,0.9747474747474747,1.0,0.06540823720880505,0.26984164696658314,0.7105341879911586,3.1526381902921794
Feature_1071,7.0,7.0,0.0,0.06540823720880505,1.0,0.26984164696658314,1.7367948720530486,0.9747474747474747,1.0,0.06540823720880505,0.26984164696658314,0.7105341879911586,3.1526381902921794
Feature_1072,7.0,7.0,0.0,0.06540823720880505,1.0,0.26984164696658314,1.7367948720530486,0.9747474747474747,1.0,0.06540823720880505,0.26984164696658314,0.7105341879911586,3.1526381902921794
Feature_1073,7.0,7.0,0.0,0.06540823720880505,1.0,0.26984164696658314,1.7367948720530486,0.9747474747474747,1.0,0.06540823720880505,0.26984164696658314,0.7105341879911586,3.1526381902921794
Feature_1074,7.0,7.0,0.0,0.06540823720880505,1.0,0.26984164696658314,1.7367948720530486,0.9747474747474747,1.0,0.06540823720880505,0.26984164696658314,0.7105341879911586,3.1526381902921794
Feature_1075,7.0,7.0,0.0,0.06540823720880505,1.0,0.26984164696658314,1.7367948720530486,0.9747474747474747,1.0,0.06540823720880505,0.26984164696658314,0.7105341879911586,3.1526381902921794
Feature_1076,7.0,7.0,0.0,0.06540823720880505,1.0,0.26984164696658314,1.7367948720530486,0.9747474747474747,1.0,0.06540823720880505,0.26984164696658314,0.7105341879911586,3.1526381902921794
Feature_1077,7.0,7.0,0.0,0.06540823720880505,1.0,0.26984164696658314,1.7367948720530486,0.9747474747474747,1.0,0.06540823720880505,0.26984164696658314,0.7105341879911586,3.1526381902921794
Feature_1078,7.0,7.0,0.0,0.06540823720880505,1.0,0.26984164696658314,1.7367948720530486,0.9747474747474747,1.0,0.06540823720880505,0.26984164696658314,0.7105341879911586,3.1526381902921794
Feature_1079,7.0,7.0,0.0,0.06540823720880505,1.0,0.26984164696658314,1.7367948720530486,0.9747474747474747,1.0,0.06540823720880505,0.26984164696658314,0.7105341879911586,3.1526381902921794
Feature_1080,7.0,7.0,0.0,0.06540823720880505,1.0,0.26984164696658314,1.7367948720530486,0.9747474747474747,1.0,0.06540823720880505,0.26984164696658314,0.7105341879911586,3.1526381902921794
Feature_1081,7.0,7.0,0.0,0.06540823720880505,1.0,0.26984164696658314,1.7367948720530486,0.9747474747474747,1.0,0.06540823720880505,0.26984164696658314,0.7105341879911586,3.1526381902921794
Feature_1082,7.0,7.0,0.0,0.06540823720880505,1.0,0.26984164696658314,1.7367948720530486,0.9747474747474747,1.0,0.06540823720880505,0.26984164696658314,0.7105341879911586,3.1526381902921794
Feature_1083,7.0,7.0,0.0,0.06540823720880505,1.0,0.26984164696658314,1.7367948720530486,0.9747474747474747,1.0,0.06540823720880505,0.26984164696658314,0.7105341879911586,3.1526381902921794
Feature_1084,7.0,7.0,0.0,0.06540823720880505,1.0,0.26984164696658314,1.7367948720530486,0.9747474747474747,1.0,0.06540823720880505,0.26984164696658314,0.7105341879911586,3.1526381902921794
Feature_1085,7.0,7.0,0.0,0.06540823720880505,1.0,0.26984164696658314,1.7367948720530486,0.9747474747474747,1.0,0.06540823720880505,0.26984164696658314,0.7105341879911586,3.1526381902921794
Feature_1086,7.0,7.0,0.0,0.06540823720880505,1.0,0.26984164696658314,1.7367948720530486,0.9747474747474747,1.0,0.06540823720880505,0.26984164696658314,0.7105341879911586,3.1526381902921794
Feature_1087,7.0,7.0,0.0,0.06540823720880505,1.0,0.26984164696658314,1.7367948720530486,0.9747474747474747,1.0,0.06540823720880505,0.26984164696658314,0.7105341879911586,3.1526381902921794
Feature_1088,7.0,7.0,0.0,0.06540823720880505,1.0,0.26984164696658314,1.7367948720530486,0.9747474747474747,1.0,0.06540823720880505,0.26984164696658314,0.7105341879911586,3.1526381902921794
Feature_1089,7.0,7.0,0.0,0.06540823720880505,1.0,0.26984164696658314,1.7367948720530486,0.9747474747474747,1.0,0.06540823720880505,0.26984164696658314,0.7105341879911586,3.1526381902921794
Feature_1090,7.0,7.0,0.0,0.06540823720880505,1.0,0.26984164696658314,1.7367948720530486,0.9747474747474747,1.0,0.06540823720880505,0.26984164696658314,0.7105341879911586,3.1526381902921794
Feature_1091,7.0,7.0,0.0,0.06540823720880505,1.0,0.26984164696658314,1.7367948720530486,0.9747474747474747,1.0,0.06540823720880505,0.26984164696658314,0.7105341879911586,3.1526381902921794
Feature_1092,7.0,7.0,0.0,0.06540823720880505,1.0,0.26984164696658314,1.7367948720530486,0.9747474747474747,1.0,0.06540823720880505,0.26984164696658314,0.7105341879911586,3.1526381902921794
Feature_1093,7.0,7.0,0.0,0.06540823720880505,1.0,0.26984164696658314,1.7367948720530486,0.9747474747474747,1.0,0.06540823720880505,0.26984164696658314,0.7105341879911586,3.1526381902921794
Feature_1094,7.0,7.0,0.0,0.06540823720880505,1.0,0.26984164696658314,1.7367948720530486,0.9747474747474747,1.0,0.06540823720880505,0.26984164696658314,0.7105341879911586,3.1526381902921794
Feature_1095,7.0,7.0,0.0,0.06540823720880505,1.0,0.26984164696658314,1.7367948720530486,0.9747474747474747,1.0,0.06540823720880505,0.26984164696658314,0.7105341879911586,3.1526381902921794
Feature_1096,7.0,7.0,0.0,0.06540823720880505,1.0,0.26984164696658314,1.7367948720530486,0.9747474747474747,1.0,0.06540823720880505,0.26984164696658314,0.7105341879911586,3.1526381902921794
Feature_1097,7.0,7.0,0.0,0.06540823720880505,1.0,0.26984164696658314,1.7367948720530486,0.9747474747474747,1.0,0.06540823720880505,0.26984164696658314,0.7105341879911586,3.1526381902921794
Feature_1098,7.0,7.0,0.0,0.06540823720880505,1.0,0.26984164696658314,1.7367948720530486,0.9747474747474747,1.0,0.06540823720880505,0.26984164696658314,0.7105341879911586,3.1526381902921794
Feature_1099,7.0,7.0,0.0,0.06540823720880505,1.0,0.26984164696658314,1.7367948720530486,0.9747474747474747,1.0,0.06540823720880505,0.26984164696658314,0.7105341879911586,3.1526381902921794
Feature_1100,7.0,7.0,0.0,0.06540823720880505,1.0,0.26984164696658314,1.7367948720530486,0.9747474747474747,1.0,0.06540823720880505,0.26984164696658314,0.7105341879911586,3.1526381902921794
Feature_1101,7.0,7.0,0.0,0.06540823720880505,1.0,0.26984164696658314,1.7367948720530486,0.9747474747474747,1.0,0.06540823720880505,0.26984164696658314,0.7105341879911586,3.1526381902921794
Feature_1102,7.0,7.0,0.0,0.06540823720880505,1.0,0.26984164696658314,1.7367948720530486,0.9747474747474747,1.0,0.06540823720880505,0.26984164696658314,0.7105341879911586,3.1526381902921794
Feature_1103,7.0,7.0,0.0,0.06540823720880505,1.0,0.26984164696658314,1.7367948720530486,0.9747474747474747,1.0,0.06540823720880505,0.26984164696658314,0.7105341879911586,3.1526381902921794
Feature_1104,7.0,7.0,0.0,0.06540823720880505,1.0,0.26984164696658314,1.7367948720530486,0.9747474747474747,1.0,0.06540823720880505,0.26984164696658314,0.7105341879911586,3.1526381902921794
Feature_1105,7.0,7.0,0.0,0.06540823720880505,1.0,0.26984164696658314,1.7367948720530486,0.9747474747474747,1.0,0.06540823720880505,0.26984164696658314,0.7105341879911586,3.1526381902921794
Feature_1106,7.0,7.0,0.0,0.06540823720880505,1.0,0.26984164696658314,1.7367948720530486,0.9747474747474747,1.0,0.06540823720880505,0.26984164696658314,0.7105341879911586,3.1526381902921794
Feature_1107,7.0,7.0,0.0,0.06540823720880505,1.0,0.26984164696658314,1.7367948720530486,0.9747474747474747,1.0,0.06540823720880505,0.26984164696658314,0.7105341879911586,3.1526381902921794
Feature_1108,7.0,7.0,0.0,0.06540823720880505,1.0,0.26984164696658314,1.7367948720530486,0.9747474747474747,1.0,0.06540823720880505,0.26984164696658314,0.7105341879911586,3.1526381902921794
Feature_1109,7.0,7.0,0.0,0.06540823720880505,1.0,0.26984164696658314,1.7367948720530486,0.9747474747474747,1.0,0.06540823720880505,0.26984164696658314,0.7105341879911586,3.1526381902921794
Feature_1110,7.0,7.0,0.0,0.06540823720880505,1.0,0.26984164696658314,1.7367948720530486,0.9747474747474747,1.0,0.06540823720880505,0.26984164696658314,0.7105341879911586,3.1526381902921794
Feature_1111,7.0,7.0,0.0,0.06540823720880505,1.0,0.26984164696658314,1.7367948720530486,0.9747474747474747,1.0,0.06540823720880505,0.26984164696658314,0.7105341879911586,3.1526381902921794
Feature_1112,7.0,7.0,0.0,0.06540823720880505,1.0,0.26984164696658314,1.7367948720530486,0.9747474747474747,1.0,0.06540823720880505,0.26984164696658314,0.7105341879911586,3.1526381902921794
Feature_1113,7.0,7.0,0.0,0.06540823720880505,1.0,0.26984164696658314,1.7367948720530486,0.9747474747474747,1.0,0.06540823720880505,0.26984164696658314,0.7105341879911586,3.1526381902921794
Feature_1114,7.0,7.0,0.0,0.06540823720880505,1.0,0.26984164696658314,1.7367948720530486,0.9747474747474747,1.0,0.06540823720880505,0.26984164696658314,0.7105341879911586,3.1526381902921794
Feature_1115,7.0,7.0,0.0,0.06540823720880505,1.0,0.26984164696658314,1.7367948720530486,0.9747474747474747,1.0,0.06540823720880505,0.26984164696658314,0.7105341879911586,3.1526381902921794
Feature_1116,7.0,7.0,0.0,0.06540823720880505,1.0,0.26984164696658314,1.7367948720530486,0.9747474747474747,1.0,0.06540823720880505,0.26984164696658314,0.7105341879911586,3.1526381902921794
Feature_1117,7.0,7.0,0.0,0.06540823720880505,1.0,0.26984164696658314,1.7367948720530486,0.9747474747474747,1.0,0.06540823720880505,0.26984164696658314,0.7105341879911586,3.1526381902921794
Feature_1118,7.0,7.0,0.0,0.06540823720880505,1.0,0.26984164696658314,1.7367948720530486,0.9747474747474747,1.0,0.06540823720880505,0.26984164696658314,0.7105341879911586,3.1526381902921794
Feature_1119,7.0,7.0,0.0,0.06540823720880505,1.0,0.26984164696658314,1.7367948720530486,0.9747474747474747,1.0,0.06540823720880505,0.26984164696658314,0.7105341879911586,3.1526381902921794
Feature_1120,7.0,7.0,0.0,0.06540823720880505,1.0,0.26984164696658314,1.7367948720530486,0.9747474747474747,1.0,0.06540823720880505,0.26984164696658314,0.7105341879911586,3.1526381902921794
Feature_1121,7.0,7.0,0.0,0.06540823720880505,1.0,0.26984164696658314,1.7367948720530486,0.9747474747474747,1.0,0.06540823720880505,0.26984164696658314,0.7105341879911586,3.1526381902921794
Feature_1122,7.0,7.0,0.0,0.06540823720880505,1.0,0.26984164696658314,1.7367948720530486,0.9747474747474747,1.0,0.06540823720880505,0.26984164696658314,0.7105341879911586,3.1526381902921794
Feature_1123,7.0,7.0,0.0,0.06540823720880505,1.0,0.26984164696658314,1.7367948720530486,0.9747474747474747,1.0,0.06540823720880505,0.26984164696658314,0.7105341879911586,3.1526381902921794
Feature_1124,7.0,7.0,0.0,0.06540823720880505,1.0,0.26984164696658314,1.7367948720530486,0.9747474747474747,1.0,0.06540823720880505,0.26984164696658314,0.7105341879911586,3.1526381902921794
Feature_1125,7.0,7.0,0.0,0.06540823720880505,1.0,0.26984164696658314,1.7367948720530486,0.9747474747474747,1.0,0.06540823720880505,0.26984164696658314,0.7105341879911586,3.1526381902921794
Feature_1126,7.0,7.0,0.0,0.06540823720880505,1.0,0.26984164696658314,1.7367948720530486,0.9747474747474747,1.0,0.06540823720880505,0.26984164696658314,0.7105341879911586,3.1526381902921794
Feature_1127,7.0,7.0,0.0,0.06540823720880505,1.0,0.26984164696658314,1.7367948720530486,0.9747474747474747,1.0,0.06540823720880505,0.26984164696658314,0.7105341879911586,3.1526381902921794
Feature_1128,7.0,7.0,0.0,0.06540823720880505,1.0,0.26984164696658314,1.7367948720530486,0.9747474747474747,1.0,0.06540823720880505,0.26984164696658314,0.7105341879911586,3.1526381902921794
Feature_1129,7.0,7.0,0.0,0.06540823720880505,1.0,0.26984164696658314,1.7367948720530486,0.9747474747474747,1.0,0.06540823720880505,0.26984164696658314,0.7105341879911586,3.1526381902921794
Feature_1130,7.0,7.0,0.0,0.06540823720880505,1.0,0.26984164696658314,1.7367948720530486,0.9747474747474747,1.0,0.06540823720880505,0.26984164696658314,0.7105341879911586,3.1526381902921794
Feature_1131,7.0,7.0,0.0,0.06540823720880505,1.0,0.26984164696658314,1.7367948720530486,0.9747474747474747,1.0,0.06540823720880505,0.26984164696658314,0.7105341879911586,3.1526381902921794
Feature_1132,7.0,7.0,0.0,0.06540823720880505,1.0,0.26984164696658314,1.7367948720530486,0.9747474747474747,1.0,0.06540823720880505,0.26984164696658314,0.7105341879911586,3.1526381902921794
Feature_1133,7.0,7.0,0.0,0.06540823720880505,1.0,0.26984164696658314,1.7367948720530486,0.9747474747474747,1.0,0.06540823720880505,0.26984164696658314,0.7105341879911586,3.1526381902921794
Feature_1134,7.0,7.0,0.0,0.06540823720880505,1.0,0.26984164696658314,1.7367948720530486,0.9747474747474747,1.0,0.06540823720880505,0.26984164696658314,0.7105341879911586,3.1526381902921794
Feature_1135,7.0,7.0,0.0,0.06540823720880505,1.0,0.26984164696658314,1.7367948720530486,0.9747474747474747,1.0,0.06540823720880505,0.26984164696658314,0.7105341879911586,3.1526381902921794
Feature_1136,7.0,7.0,0.0,0.06540823720880505,1.0,0.26984164696658314,1.7367948720530486,0.9747474747474747,1.0,0.06540823720880505,0.26984164696658314,0.7105341879911586,3.1526381902921794
Feature_1137,7.0,7.0,0.0,0.06540823720880505,1.0,0.26984164696658314,1.7367948720530486,0.9747474747474747,1.0,0.06540823720880505,0.26984164696658314,0.7105341879911586,3.1526381902921794
Feature_1138,7.0,7.0,0.0,0.06540823720880505,1.0,0.26984164696658314,1.7367948720530486,0.9747474747474747,1.0,0.06540823720880505,0.26984164696658314,0.7105341879911586,3.1526381902921794
Feature_1139,7.0,7.0,0.0,0.06540823720880505,1.0,0.26984164696658314,1.7367948720530486,0.9747474747474747,1.0,0.06540823720880505,0.26984164696658314,0.7105341879911586,3.1526381902921794
Feature_1140,7.0,7.0,0.0,0.06540823720880505,1.0,0.26984164696658314,1.7367948720530486,0.9747474747474747,1.0,0.06540823720880505,0.26984164696658314,0.7105341879911586,3.1526381902921794
Feature_1141,7.0,7.0,0.0,0.06540823720880505,1.0,0.26984164696658314,1.7367948720530486,0.9747474747474747,1.0,0.06540823720880505,0.26984164696658314,0.7105341879911586,3.1526381902921794
Feature_1142,7.0,7.0,0.0,0.06540823720880505,1.0,0.26984164696658314,1.7367948720530486,0.9747474747474747,1.0,0.06540823720880505,0.26984164696658314,0.7105341879911586,3.1526381902921794
Feature_1143,7.0,7.0,0.0,0.06540823720880505,1.0,0.26984164696658314,1.7367948720530486,0.9747474747474747,1.0,0.06540823720880505,0.26984164696658314,0.7105341879911586,3.1526381902921794
Feature_1144,7.0,7.0,0.0,0.06540823720880505,1.0,0.26984164696658314,1.7367948720530486,0.9747474747474747,1.0,0.06540823720880505,0.26984164696658314,0.7105341879911586,3.1526381902921794
Feature_1145,7.0,7.0,0.0,0.06540823720880505,1.0,0.26984164696658314,1.7367948720530486,0.9747474747474747,1.0,0.06540823720880505,0.26984164696658314,0.7105341879911586,3.1526381902921794
Feature_1146,7.0,7.0,0.0,0.06540823720880505,1.0,0.26984164696658314,1.7367948720530486,0.9747474747474747,1.0,0.06540823720880505,0.26984164696658314,0.7105341879911586,3.1526381902921794
Feature_1147,7.0,7.0,0.0,0.06540823720880505,1.0,0.26984164696658314,1.7367948720530486,0.9747474747474747,1.0,0.06540823720880505,0.26984164696658314,0.7105341879911586,3.1526381902921794
Feature_1148,7.0,7.0,0.0,0.06540823720880505,1.0,0.26984164696658314,1.7367948720530486,0.9747474747474747,1.0,0.06540823720880505,0.26984164696658314,0.7105341879911586,3.1526381902921794
Feature_1149,7.0,7.0,0.0,0.06540823720880505,1.0,0.26984164696658314,1.7367948720530486,0.9747474747474747,1.0,0.06540823720880505,0.26984164696658314,0.7105341879911586,3.1526381902921794
Feature_1150,7.0,7.0,0.0,0.06540823720880505,1.0,0.26984164696658314,1.7367948720530486,0.9747474747474747,1.0,0.06540823720880505,0.26984164696658314,0.7105341879911586,3.1526381902921794
